,Zone0_P_htg,Zone0_P_clg,Zone0_P_cp,Zone0_mass_flow_rate,Zone1_P_htg,Zone1_P_clg,Zone1_P_cp,Zone1_mass_flow_rate,Zone2_P_htg,Zone2_P_clg,Zone2_P_cp,Zone2_mass_flow_rate,Zone3_P_htg,Zone3_P_clg,Zone3_P_cp,Zone3_mass_flow_rate,Zone4_P_htg,Zone4_P_clg,Zone4_P_cp,Zone4_mass_flow_rate,Zone5_P_htg,Zone5_P_clg,Zone5_P_cp,Zone5_mass_flow_rate,central_loop_P_cp,central_loop_mass_flow_rate,GHE0_P_cp,GHE0_mass_flow_rate,GHE1_P_cp,GHE1_mass_flow_rate,GHE2_P_cp,GHE2_mass_flow_rate
1,24886.7982037406,13743.988816659676,2760.8784944287854,10.24110831417202,5125.795885005929,-0.0,220.09842278994265,0.7511115207529832,7413.770747502624,659.7241368346855,386.8629794498644,2.200358345252195,234.7314870774946,-0.0,10.079221109061894,0.03439651679130064,4213.867948486028,141.77342289999996,130.69856128167976,1.1737475620909652,2095.006144216727,-0.0,89.95823447168094,0.3069929599757461,1019.0619860826009,22.061572828552816,83.56190350192252,11.030786414276408,44.566348534358674,5.8830860876140845,38.99555496756381,5.147700326662323
2,25125.503978073782,13554.259515531237,2776.1448997163716,10.297736996105582,5167.618450635622,-0.0,222.10753784284526,0.7579678600380385,7459.031899623986,655.913100729306,389.31402669734865,2.2142991525976763,236.91981639422636,-0.0,10.184384331015789,0.03475539854323604,4245.69034640856,0.8436592347139307,126.73233129696224,1.1381285565747443,2114.798346673614,-0.0,90.90941347856113,0.3102389691988469,1028.5305645147102,22.129690399587183,84.07871355324343,11.064845199793591,44.84198056172983,5.901250773223249,39.2367329915136,5.163594426570342
3,3787.9887295038257,13524.333143380047,1307.8424367672594,4.851266029936348,5174.315704877395,-0.0,222.4302148774001,0.7590690330272146,7469.513473744926,655.0585459579477,389.8799237473897,2.217517801997477,237.2123093636792,-0.0,10.19848719675136,0.03480352621628043,4251.177934146207,0.8428309700183265,126.92974086703612,1.1399014070126943,2117.632572688714,-0.0,91.04608476011055,0.3107053758764895,258.744180797015,13.969894761099756,33.50592800243366,6.984947380549878,17.86982826796462,3.7253052696266016,15.636099734469042,3.2596421109232763
4,3764.678298694141,13645.146359868637,1308.5454462293987,4.853873749204756,5043.126778968503,-0.0,216.15317895955022,0.7376479163544388,7355.766235651297,6382.024148018361,706.384511631233,4.017699127828047,234.510974728517,-0.0,10.068656361248538,0.03436046335804167,4211.254825013866,0.8491048378999461,125.49002959886035,1.1269719793696902,2102.49534806644,-0.0,90.31751009472468,0.3082190299137911,435.5518577143464,16.618158399043146,47.41340773693478,8.309079199521573,25.28715079303187,4.431508906411506,22.126256943902888,3.8775702931100677
5,3735.44264316282,13802.884284429128,1309.5311057164463,4.857529920813944,5027.052900386484,-0.0,215.38941702025613,0.73504148971837,7338.878885459588,666.487006017432,382.7778526302201,2.177123392913772,231.8400817472233,-0.0,9.941108443374008,0.03392519122228881,4174.724349810077,0.8553760579207678,124.16454574475182,1.1150683790003042,2084.181930741204,-0.0,89.44024888171715,0.3052252737775713,251.36838248367775,13.835870471169375,32.86611398797127,6.917935235584688,17.52859412691801,3.6895654589785,15.33751986105326,3.2283697766061876
6,3763.3442525905707,13652.190881439672,1308.5878641217118,4.854031092684564,5040.692249249962,-0.0,216.0374399446054,0.7372529434762886,7350.254140419711,665.4212867153851,383.40092203240073,2.1806672211723175,234.36618679149254,-0.0,10.061722600549677,0.03433680109151089,9989.60092921553,0.8494842104255894,297.60026491345496,2.672619973734602,2101.5156534039734,-0.0,90.27046866927593,0.3080584955666599,402.03416235187825,16.180449791588916,44.94864066251081,8.090224895794458,23.972608353339112,4.314786611090378,20.976032309171714,3.7754382847040806
7,3777.9005182456335,13576.094370733359,1308.137898878629,4.8523620069927,5071.524307421473,-0.0,217.50494244144815,0.7422609667875885,26548.79138640531,664.1389206359408,1287.2181969248668,7.321303542127045,234.55614987454354,-0.0,10.070820246852467,0.03436784786987097,9994.985093859721,0.8491099588866604,297.79505354001043,2.6743692866061473,2111.6988605807255,-0.0,90.76008880204607,0.30972938133610145,1295.9001504404196,23.90158954757918,98.08191809117639,11.95079477378959,52.31035631529408,6.3737572126877815,45.77156177588232,5.577037561101809
8,3817.5283039080405,13377.20687119912,1307.051921695239,4.848333720349785,5144.45539292926,-0.0,220.99358285428272,0.7541663588055281,7428.70203566429,658.4448179756624,387.67293597651224,2.204965130334695,238.660515927885,-0.0,10.268489066999848,0.03504241575738394,10140.727095495336,0.8396931135633304,303.04323276924765,2.721500926888381,2134.258645984698,-0.0,91.85036461547534,0.3134500746236068,412.2373002444625,16.31618794013907,45.70595422085149,8.158093970069535,24.376508917787458,4.350983450703752,21.329445303064027,3.807110519365783
9,3796.600082905135,13480.768378396973,1307.6006253232404,4.850369062831565,5092.804915694428,-0.0,218.52019526994766,0.7457256353949179,7398.893697595324,661.0210123924853,386.05454960350033,2.1957602434603727,235.5385173257598,-0.0,10.117934782356905,0.034528631713588394,4230.763067271536,0.8459665133152188,126.1945861320008,1.1332992985461163,2120.6649955895846,-0.0,91.19244939351017,0.3112048622471037,255.22836067669326,13.906331601290496,33.201717052043115,6.953165800645248,17.70758242775633,3.7083550936774654,15.494134624286794,3.2448107069677827
10,3762.963290687087,37344.61689152725,3130.3637009362146,11.611664109351874,5040.793378016094,-0.0,216.04224722576444,0.7372693488835436,7349.2656543682315,665.5133318477704,383.34681724124766,2.1803594896625693,234.33051222670125,-0.0,10.060014543789537,0.03433097214873893,4208.423435637363,0.849572218081565,125.38759223536584,1.1260520334690651,2101.2247672741632,-0.0,90.25650389423971,0.3080108391442218,1311.404091619554,23.99653018899002,98.86265733330858,11.99826509449501,52.726750577764584,6.399074717064006,46.13590675554399,5.599190377431005
11,3684.4959285311706,14095.57037448163,1311.5449809939719,4.865000120929591,4882.524278766865,-0.0,208.55073118700324,0.7117036772476794,7173.799832770568,683.6983372140912,373.60891508765417,2.124973279538823,228.65023104712574,-0.0,9.789609541500596,0.03340818356209695,4120.693925614635,0.8656767962182861,122.18641642989905,1.0973036504674083,2056.824001306686,-0.0,88.13692612980411,0.3007775329813746,244.0220561166101,13.699749667090458,32.22260480361867,6.849874833545229,17.185389228596634,3.653266577890789,15.037215575022051,3.19660825565444
12,3761.990792063051,13659.35261340599,1308.6311450595338,4.85419163751588,9533.10046640196,-0.0,408.5542939507523,1.3942391460586754,7345.805592870085,665.8363656498199,383.15737313563807,2.179281989511664,234.25303680318987,-0.0,10.056305604579974,0.03431831496140082,4207.014659547755,0.8498059083091951,125.33660622409185,1.1255941500321953,2100.7061137434785,-0.0,90.23160739546219,0.3079258769403988,310.3737077561383,14.843326672530324,37.82664930359131,7.421663336265162,20.174212961915362,3.9582204460080863,17.652436341675944,3.4634428902570757
13,3761.608221426105,13661.379644609906,1308.6434238538952,4.854237184055967,9547.28263049766,-0.0,409.22852633106,1.3965400426398251,7353.960600584079,665.0770998538284,383.60373044772575,2.1818207334307984,667.1329974241218,-0.0,28.641232001375702,0.097741542406797,4208.36442524048,0.8495819915666665,125.38545678473437,1.1260328559054555,2100.644531513398,-0.0,90.22865155771447,0.3079157897995749,316.8865446867727,14.946432222357629,38.353981651380685,7.4732161111788145,20.455456880736367,3.9857152592953677,17.898524770644322,3.4875008518834467
14,3762.2431146703148,13658.016343716736,1308.6230574918436,4.854161637768741,9549.843450101609,-0.0,409.3503128022466,1.3969556531672453,7355.5284975732475,664.9319523335504,383.68949133210083,2.182308515120065,667.234761951094,-0.0,28.646104881971965,0.0977581716797773,4209.581348022504,0.8493807105363589,125.42949026006784,1.126428301607506,4030.025508903436,-0.0,173.10594905055487,0.5907442270353789,344.7685473130711,15.372534759568069,40.57199370658834,7.686267379784034,21.63839664351378,4.099342602551485,18.933597063074558,3.5869247772325497
15,3769.4245605406168,13620.199357039275,1308.3964724883085,4.853321151101816,9569.727502325683,-0.0,410.296412545844,1.4001843288123939,7367.10280733203,663.8686683972329,384.3220281525001,2.1859061911588116,668.0740956892081,-0.0,28.686311292497187,0.09789538074184513,4213.924564020638,0.8486669357025853,125.58657572401569,1.1278390185927631,2102.932424571106,-0.0,90.33850120512797,0.30829066452460496,317.76018258354077,14.96015510239835,38.42444244118969,7.480077551199175,20.4930359686345,3.989374693972893,17.931406472555192,3.4907028572262817
16,3766.176697013847,13637.251056927596,1308.4980884816534,4.8536980819940645,9558.168052542758,-0.0,409.74630379976946,1.3983070185999624,7365.9759415397875,663.971557469067,384.2604874127756,2.1855561662471015,234.7091695823162,-0.0,10.078151622233943,0.03439286704284908,4214.021617993603,0.8486510673701391,125.59008472352998,1.127870531408091,2103.196156402251,-0.0,90.35116851261638,0.3083338931878133,311.56151622641323,14.862237837719821,37.92309691580521,7.4311189188599105,20.22565168842944,3.963263423391952,17.697445227375766,3.4678554954679583
17,3765.4245786948186,13641.21183278577,1308.5218218493292,4.8537861177368615,5050.020097601838,-0.0,216.48101380328131,0.7387666909685834,7365.11544941046,664.0502164688468,384.21348781982766,2.1852888469323575,234.69330210537575,-0.0,10.077391264814993,0.034390272234535495,4213.056464415973,0.8488090286114262,125.55518705118789,1.1275571304231642,2102.8038061697375,-0.0,90.33232388193017,0.30826958368921115,253.3475389244501,13.872087962977073,33.038403277469065,6.936043981488536,17.620481747983494,3.699223456793886,15.417921529485563,3.23682052469465
18,2364.477403450645,15146.208659498154,1326.9992908147372,4.9223258095155265,5102.694196521881,-0.0,218.6905761437285,0.7463070799849815,5842.785889519536,806.3418344868069,320.38549720508297,1.822254751476777,237.98473082407935,-0.0,10.216673300561395,0.03486558841516481,3126.6562174243604,7.852348003478501,93.41473989664675,0.8389175989530953,2130.1306726581824,-0.0,91.49626820558373,0.3122416793540928,209.2476647955131,13.015368761549455,29.083611640129405,6.5076843807747276,15.511259541402353,3.4707650030798547,13.572352098727057,3.036919377694873
19,2353.11259126808,42555.365123686,3416.712127130936,12.673835173442678,5055.065031449661,-0.0,216.4304172361831,0.7385940242862135,5813.04432264301,810.665676364363,318.7763609207999,1.8131024762789656,236.5465468638748,-0.0,10.147935141835804,0.034631011436921696,3111.6127236501407,7.884127857031304,92.86945174792005,0.8340206006317008,2118.7547954006623,-0.0,90.95106246640101,0.31038110122413676,1414.0314613395317,24.606846580950926,103.95546013069225,12.303423290475463,55.442912069702544,6.561825754920247,48.51254806098972,5.741597535555216
20,2297.069907073332,15831.869965774524,1335.9234274550863,4.955428696922093,4890.845212516982,-0.0,208.66747544669266,0.7121020806406841,5657.0265288499395,836.8382064355326,310.18161432541666,1.7642181854549317,230.23206145421523,-0.0,9.848180670944195,0.03360806436792439,3038.23519724707,8.06234265330898,90.17705917987774,0.8098413810447253,2068.884912522775,-0.0,88.57758428083427,0.3022813302814959,202.13618626912844,12.866219608067782,28.420865662533362,6.433109804033891,15.15779502001779,3.4309918954847416,13.263070642515569,3.0021179085491494
21,2350.5529839708825,15278.535791431776,1328.6855619461585,4.928580806009865,5049.170401393854,-0.0,216.15116569844332,0.7376410458662611,25458.93320644034,811.7841727571598,1241.9051612806948,7.06357684966826,236.28407852506422,-0.0,10.135413204740393,0.03458827886712276,3108.144532926852,7.8916675523861235,92.74346323393833,0.8328891519784994,2116.64250195379,-0.0,90.85000717370187,0.3100362382595719,861.5779846425639,20.86096855597437,74.71440099067023,10.430484277987185,39.84768052835746,5.562924948259832,34.86672046231278,4.867559329727353
22,14672.106577870349,15135.707391555245,2172.6711596910027,8.0592321329508,5125.955113225498,-0.0,219.7972635089244,0.750083779605695,25563.249459216102,808.2718531243929,1247.7470544552439,7.096803751908869,239.8573546015046,-0.0,10.306522296202354,0.035172208584898675,3140.7043186936994,7.8239840890076735,93.92231824308872,0.8434759417601169,2134.4399835421914,-0.0,91.70324438688458,0.3129480096963365,1600.9554561513592,25.64657373676007,112.92603747223794,12.823286868380036,60.22721998519355,6.839086329802686,52.69881748704436,5.98420053857735
23,2384.2247011719815,14966.056889973259,1324.7345966464925,4.913925230380202,5208.786454388456,-0.0,223.75779771570046,0.7635995641957775,25876.208070295786,798.4449427840063,1265.1140470121948,7.195581895682049,241.78971662236484,-0.0,10.399699402840708,0.03549018632131022,3167.408221108928,7.773381635838974,94.8833604060093,0.8521066480565967,2150.3005019193633,-0.0,92.46730083513128,0.3155554413785318,893.3604240847657,21.1143884490217,76.54069411402456,10.55719422451085,40.82170352747977,5.630503586405786,35.71899058654481,4.926690638105064
24,2383.5622861603283,14971.962280872769,1324.8082410296324,4.914198404337689,5158.867244692278,-0.0,221.36698351477253,0.7554406320801638,5877.010844931076,801.5954495222876,322.2280713007969,1.8327347495732997,241.59872861294673,-0.0,10.390467692612258,0.03545868203417837,3165.028700827446,7.777720681429495,94.79790856489558,0.8513392418265676,2149.597365384101,-0.0,92.43334918768002,0.31543957742446105,211.2579742947682,13.056916930914541,29.26959169934294,6.528458465457271,15.610448906316236,3.481844514910544,13.659142793026707,3.0466139505467265
25,2352.3568622377124,15261.137232250665,1328.4627918759631,4.927754470326267,5054.165192063211,-0.0,216.38778246202574,0.7384485281502194,5810.868871681982,810.9895047587031,318.6583499786215,1.8124312661212438,236.46306206384108,-0.0,10.143951488187543,0.034617416754542926,8985.099945105327,7.886164427794916,267.61468274109075,2.4033323578071553,2118.1387228973945,-0.0,90.92158301388501,0.3102804991565273,342.6040364370983,15.340296807473932,40.40200397598739,7.670148403736966,21.547735453859932,4.090745815326382,18.854268522127448,3.5794025884105842
26,2364.7710070567714,15143.466647960217,1326.9645477391616,4.922196934738584,5094.954718503711,-0.0,218.32280547768147,0.7450520197225708,5829.343857642059,808.2724502238707,319.65919078979937,1.8181237426520194,236.97908025423007,-0.0,10.168585509775427,0.034701483224364,3115.2296213609366,7.876350885642266,93.00072955128654,0.8351995501178086,2131.235880772663,-0.0,91.54932724187998,0.3124227494996077,208.58162670035063,13.00154471993243,29.02186317209764,6.500772359966215,15.478327025118741,3.467078591981981,13.543536146978898,3.0336937679842335
27,2351.5749933314323,15268.668935600408,1328.559188714332,4.928112041463451,5052.258834336287,-0.0,216.29746548448517,0.7381403109377088,5808.693111657049,811.3144313988593,318.5402784033684,1.8117597111011314,664.0004195708616,-0.0,28.483715258716337,0.09720399816352976,3109.505665405003,7.888698828337488,92.79292169857949,0.8333333171760964,2117.429396525482,-0.0,90.88764704863327,0.31016468871979014,212.28644791335728,13.078071101342562,29.364510815688824,6.539035550671281,15.66107243503404,3.4874856270246832,13.703438380654786,3.051549923646598
28,2351.8377191930153,15266.136493534896,1328.5267698792286,4.927991788144667,5053.460103783893,-0.0,216.35437657792716,0.7383345266771997,5808.8347848672265,811.2932418982953,318.54796789903145,1.8118034466014294,663.9970964043573,-0.0,28.483556725138513,0.09720345714921798,3110.1314891917746,7.8873380673028,92.8156562348091,0.8335374862672715,4013.8852533429467,-0.0,172.29363031066558,0.5879720946578711,233.257362968874,13.495264199246488,31.26786041167916,6.747632099623244,16.67619221956222,3.5987371197990634,14.591668192116945,3.1488949798241808
29,2355.1625157701264,15234.2294099922,1328.1188882872236,4.926478806109598,5063.175148183533,-0.0,216.81477744133758,0.7399056982843776,5812.711118081904,810.715207721583,318.75828851956334,1.812999685986299,664.3035967872225,-0.0,28.49818011745302,0.09725336117988158,3111.170356187833,7.885085033777429,92.85338786607595,0.8338763378183435,2118.2286441028,-0.0,90.9258855098377,0.3102951819254317,212.43951444606594,13.081213606955895,29.378624399569517,6.540606803477948,15.66859967977041,3.488323628521572,13.71002471979911,3.0522831749563757
30,2352.8819160285466,15256.087542567611,1328.3981949773834,4.9275148567987435,5055.305265796956,-0.0,216.4418000068541,0.7386328693178166,5811.596535988546,810.8810708542815,318.6978282013189,1.8126558061816327,236.48773253804333,-0.0,10.145128620706096,0.034621433856460014,3111.1735306036094,7.8850781604215445,92.85350314616423,0.8338773730992315,2118.442118911478,-0.0,90.93610012074264,0.31033004047568147,207.85591486791813,12.98644856959435,28.95450747423709,6.493224284797175,15.442403986259775,3.4630529518918265,13.51210348797731,3.0301713329053483
31,2351.2337581122392,15271.960584384902,1328.6013364334,4.928268382771858,9456.840311472399,-0.0,404.860207076439,1.3816326440456772,5807.705223561679,811.462310492079,318.4866542958184,1.8114547135727506,236.3523429712709,-0.0,10.138669344975034,0.03459939082518418,3109.077041074105,7.889632334919331,92.7773488844841,0.8331934644309696,2117.1662607468934,-0.0,90.87505952443047,0.3101217323263429,257.5796704478526,13.948905491959172,33.40532071262834,6.974452745979586,17.81617104673511,3.7197081311891123,15.589149665893224,3.2547446147904737
32,2352.538793322234,15259.386776810128,1328.4403965960375,4.927671398040433,5062.62085443356,-0.0,216.78850214612194,0.7398160307770075,5820.0948814885405,809.62333998391,319.15853235109535,1.8152761505270505,236.73256221938456,-0.0,10.156813738289678,0.03466131068214158,3112.5117157770364,7.882186700225512,92.90209193682716,0.8343137281288989,2118.8591544482083,-0.0,90.95605657286384,0.3103981441945159,208.1805127711756,12.99320514352507,28.98464414497514,6.496602571762535,15.458476877320074,3.4648547049400187,13.526167267655067,3.0317478668225166
33,2349.5999011219546,15287.759628872322,1328.8037906863904,4.929019359657556,5048.743985222563,-0.0,216.1309681823315,0.7375721194884622,5803.32704906788,7393.90292320498,687.5313957340688,3.9104683688721926,236.19040524643566,-0.0,10.13094582128536,0.034573033400398544,3106.9293832685826,7.894328496017234,92.69929514172111,0.8324924973401178,2115.8035184383393,-0.0,90.80988393266385,0.3098993130230728,398.36213646413296,16.131037037672698,44.67452655728893,8.065518518836349,23.826414163887428,4.301609876712719,20.848112393401497,3.7639086421236296
34,2328.5739892239117,15496.900869956695,1331.5074690494462,4.939048291759643,5036.617593925212,-0.0,215.55677855094277,0.7356126304482132,5789.160567051955,814.2792365009188,317.4782943988724,1.805719470781057,233.1731304983878,-0.0,9.987455974298259,0.034083357573480175,3076.244582185608,7.964959510304571,91.57922346785767,0.8224336154085029,2094.99956243748,-0.0,89.81749896912989,0.306512683670241,206.83323048830488,12.965115074461705,28.85945554733484,6.482557537230853,15.391709625245252,3.457364019856455,13.467745922089593,3.025193517374398
35,2349.0062736657005,15293.515663675895,1328.8776145438956,4.92929319935112,5047.440557335235,-0.0,216.0692332038061,0.7373614416788893,5801.474696768266,812.4000155347876,318.1482399255903,1.8095299161037768,236.1244482486252,-0.0,10.127800761878666,0.03456230051860922,3106.074444486315,399.76088077104276,106.80243722962578,0.9591467503110028,2115.277537768979,-0.0,90.7847339286178,0.30981348570297423,216.77292959070044,13.169560640499558,29.776795257386155,6.584780320249779,15.880957470605948,3.511882837466549,13.8958377867802,3.07289748278323
36,2347.1030393105734,15312.02713890957,1329.1152637794714,4.930174727302178,5046.106675571217,-0.0,216.00606021808244,0.7371458565021489,5800.368502189413,812.5674146330791,318.08811785051955,1.8091879601228664,236.06668501137884,-0.0,10.125046749081305,0.034552902128951644,3105.4889795598897,7.897495729646192,92.64692216820181,0.8320221581918907,2113.2808910542494,-0.0,90.68929325473962,0.30948778327953275,207.4916089137978,12.978857081291352,28.920665495484016,6.489428540645676,15.424354930924808,3.461028555011027,13.496310564559208,3.028399985634649
37,750.5691133123905,19595.75014291385,1547.2815029084384,5.739433117312407,9352.652763423697,-0.0,400.3591527740839,1.3662722716305589,2546.9824933972127,1419.1009237807377,199.24866956471794,1.1332655129745781,655.5905093642458,-0.0,28.118745190225603,0.09595849526669609,5674.924396785624,169.5889552029556,174.89583665039953,1.5706642818036978,3961.8814399550392,-0.0,170.0343348801744,0.5802619856751909,369.29769020534786,15.728783496994694,42.47424335812966,7.864391748497347,22.652929791002485,4.194342265865251,19.82131356712718,3.6700494826320953
38,748.3163435086109,19684.239984321248,1548.9693701933966,5.745694034524115,9299.271801371951,-0.0,397.83276776237534,1.3576506883220634,2539.1491380779034,1423.8848562669941,198.87872919845276,1.1311614052790968,650.7972977813655,-0.0,27.890597161169136,0.09517991352635828,5641.2780499449655,170.48588266635744,173.67260036833954,1.559678922899595,2037.8793546569589,-0.0,87.42007224293911,0.2983311855414626,338.68262384482085,15.281544225139037,40.093121237218604,7.640772112569518,21.38299799318326,4.075078460037076,18.71012324403535,3.565693652532442
39,747.6320345701324,19711.42809896796,1549.4873566914246,5.747615435933952,9284.773615546645,-0.0,397.1471317413177,1.3553108754877337,2538.493661454729,1424.2910121943185,198.84777508126228,1.1309853477246188,238.8854864734243,-0.0,10.237428073525312,0.034936416496921155,5640.6091001384,170.50424007582788,173.64822177958555,1.5594599892798477,2037.9316758168366,-0.0,87.42256838168481,0.298339703905863,332.6305071962023,15.189971653243404,39.61405578409982,7.594985826621702,21.12749641818657,4.050659107531574,18.48655936591325,3.5443267190901278
40,747.352844791172,19722.562249623137,1549.6994038223008,5.748401996312974,4927.843087840937,-0.0,210.7731361230915,0.7192878931185368,2537.6577709332964,1424.8102865571418,198.80830138576377,1.1307608334135528,238.81449116794357,-0.0,10.234054480788595,0.034924903718507046,5638.299759536612,170.56777391759974,173.5640440007544,1.5587040248551713,2037.2100717015514,-0.0,87.38814480589092,0.29822222944131865,273.7820977950414,14.235452821290092,34.79188464359085,7.117726410645046,18.55567180991511,3.7961207523440246,16.23621283367573,3.3216056583010216
41,746.4432864107001,19759.00452838912,1550.3931165351144,5.750975230537218,4913.46340591298,-0.0,210.09340651768318,0.716968236616017,2530.679063206111,1429.2044260910905,198.4787491876221,1.128886441269832,238.2209402868325,-0.0,10.205864520097142,0.03482870219204208,1353.0878699714658,170.85697643119303,46.28737197805638,0.41568697835740304,2034.349559878969,-0.0,87.25174337394434,0.2977567436568973,186.1486816749439,12.517653498944114,26.901793417863434,6.258826749472057,14.34762315619383,3.3380409330517637,12.554170261669602,2.920785816420293
42,739.0484265902589,20065.19420049228,1556.2033917326673,5.772527666746693,4854.290403102572,-0.0,207.29806662692633,0.7074288134354533,18033.218573731658,1443.4079499245104,924.3883553691714,5.257638337177991,236.38300192136083,-0.0,10.118722966338927,0.034531321483291716,1343.8652373542038,171.96917317027922,45.953336315631404,0.41268714775041,2013.3868567647933,-0.0,86.25468908529753,0.2943541796878973,622.4748417904153,18.7187511994226,60.15740941863326,9.3593755997113,32.083951689937734,4.991666986512693,28.073457728695523,4.367708613198606
43,7921.450957711663,19827.07667923445,2043.5935425766877,7.580436032191422,4941.187957625973,-0.0,211.404243502933,0.7214416206092769,18126.36734280128,1434.7045744475427,929.6336105008781,5.287471744650683,240.22007974303932,-0.0,10.30092157826584,0.03515309548216364,1359.0096999350299,170.18017128160488,46.50103982585446,0.41760583739449475,2033.7542902138762,-0.0,87.22336966843768,0.2976599150798346,944.4769477128068,21.509652368111816,79.43321946183103,10.754826184055908,42.364383712976554,5.735907298163151,37.06883574885448,5.018918885892757
44,746.4908695951987,19757.091631445288,1550.3567149112753,5.750840203598038,4987.945446586028,-0.0,213.61858629183683,0.7289983234632054,18218.81423760846,1426.4473073081756,934.8035983572559,5.3168770548739825,240.98644915328126,-0.0,10.33745173674543,0.03527775890565005,1362.8914896743527,169.75164274412873,46.6407900487891,0.41886087403654065,2038.937690739594,-0.0,87.47056940123088,0.2985035129796943,633.0375369671372,18.824036591785667,60.83603467785899,9.412018295892834,32.4458851615248,5.0197430911428444,28.3901495163342,4.392275204749989
45,746.5563585135817,19754.460069044213,1550.3066351980829,5.75065443962176,4951.503068775459,-0.0,211.8922993523389,0.723107168079417,2528.7096410981726,1430.463748468808,198.38574873240697,1.1283574831150978,240.77971429461314,-0.0,10.327592062065513,0.03524411161663685,1362.3802480217016,169.8074114555541,46.62239787532871,0.41869570183763516,2038.4254240401299,-0.0,87.44612565763717,0.29842009585570567,186.7768643526988,12.531718500189378,26.96228180425895,6.265859250094689,14.379883628938106,3.3417916000505006,12.582398175320845,2.9240676500441882
46,738.478425557549,54555.08302318925,4140.5683886418565,15.358882846849506,4851.50679901258,-0.0,207.1665772310198,0.7069800905465278,2507.201497849237,1444.795161049979,197.3699527130747,1.1225799459328372,236.20960252235523,-0.0,10.110511798664069,0.0345032999165706,1342.8599235236188,172.0948645933819,45.91682247635131,0.41235923266536756,2011.9745568443957,-0.0,86.18765950026624,0.29412543341652425,1846.1393346450773,26.894146273990998,124.1797860455242,13.447073136995499,66.22921922427957,7.171772339730933,57.95056682124463,6.275300797264566
47,731.640385732813,55372.97809778002,4156.962014748421,15.419692803158034,4770.815297567472,-0.0,203.3501938763058,0.6939562375402237,2477.8397610756347,15155.132021676996,945.9241022723794,5.3801270810921755,233.65272558887236,-0.0,9.989581646428398,0.0340906116773763,1330.670114260436,173.69281456390365,45.47227207531926,0.40836691672614794,1993.618467859777,-0.0,85.31778489843691,0.29115688495187675,3517.470026261857,33.34108580271875,190.85118551694657,16.670542901359376,101.78729894237152,8.890956214058333,89.06388657457508,7.779586687301042
48,721.857123257359,56627.075062104035,4181.88580440248,15.512144256549382,4759.197405888921,-0.0,202.79934989366532,0.6920764182473178,2459.8188835688957,15303.374989799298,947.1614901023179,5.387164964742325,230.01279035700747,-0.0,9.817630507586498,0.033503808374773764,1312.2516623192116,3389.6217079255803,156.7918911993312,1.408080534675658,1967.2909590738266,-0.0,84.0731560754232,0.28690944402896273,4062.0369236990555,34.979819139927635,210.073132117766,17.489909569963817,112.03900379614186,9.327951770647369,98.03412832162415,8.161957799316449
49,709.6127918167458,58354.88666390631,4215.880493892317,15.63824299572772,4702.307404352494,-0.0,200.0930848227235,0.6828409732712502,2426.427877825987,15606.778198723743,949.8472183995679,5.402440566146051,227.20398720861286,-0.0,9.684746754687078,0.0330503270800945,1294.6101813323269,179.34152995170575,44.13167259309908,0.3963275694023078,1938.1782508048059,-0.0,82.69774490723609,0.2822156931101585,3617.012806965617,33.65267718710636,194.43508014860944,16.82633859355318,103.6987094125917,8.97404724989503,90.73637073601776,7.852291343658152
50,710.3861431611377,58240.0141205441,4213.630881529907,15.629898360527429,4700.580371974577,-0.0,200.01064260777315,0.6825596296039004,2425.6310925140033,1510.6647741977542,193.50458483136111,1.1005949152429195,227.06111261362307,-0.0,9.677975789235273,0.033027220371318465,1293.824035424139,179.48246276287023,44.101902319498244,0.39606021538005154,1940.802756351237,-0.0,82.8218119657371,0.282639086407597,1907.142547342293,27.18716914129982,126.90050788103459,13.59358457064991,67.68027086988512,7.249911771013285,59.22023701114948,6.343672799636624
51,715.3235053252253,21183.375390361427,1577.2036195100595,5.850425193828938,4690.106281222256,-0.0,199.51021084393764,0.6808518478833275,2427.9979844967756,1508.4461692660661,193.6173109366001,1.1012360668639483,229.2239837218542,-0.0,9.780346715715755,0.03337657308950233,1303.569681375028,177.79366774033085,44.469089776133984,0.3993577679914206,1955.0404605680565,-0.0,83.49451285163313,0.28493475658556766,186.4888287958314,12.525273309364056,26.93455498233015,6.262636654682028,14.36509599057608,3.340072882497082,12.56945899175407,2.9225637721849465
52,306.8776728658799,22432.802568035753,1701.4535195385763,6.311313525852529,4470.164572440019,-0.0,190.87124467177185,0.6513703689292424,618.7255746276223,2459.5005939502985,165.04879205011005,0.9387470661516696,211.30802898313135,-0.0,9.044027636919154,0.030863798413410363,213.35454453218586,590.2452279451057,27.321744044762717,0.24536483148807794,3668.0229084130137,-0.0,157.11774366867525,0.5361826127072485,211.930780931805,13.070763305313267,29.33170324041861,6.535381652656634,15.643575061556591,3.4855368814168712,13.688128178862017,3.0498447712397625
53,304.95956158290795,22658.292326807576,1705.974144583666,6.328082177869612,4435.43878414225,-0.0,189.23013825395586,0.6457699020036811,615.6732837885836,2474.465036748895,165.10499161861614,0.9390667121145317,209.57618944403353,-0.0,8.962110195989338,0.03058424559856939,211.9550325891224,594.1773865240194,27.288502993751642,0.24506630790677014,1844.501819823421,-0.0,78.9398057062697,0.2693912875903199,193.80364605924947,12.686940949625226,27.634347783430865,6.343470474812613,14.738318817829795,3.383184253233394,12.896028965601072,2.9602862215792194
54,304.06874539941043,22765.947728147006,1708.1247611495503,6.336059601446171,8541.270776536525,-0.0,364.26325107269685,1.2430908000134078,614.377355514966,2481.0228574471626,165.13145808226068,0.9392172452677229,209.14933925392347,-0.0,8.941937189268975,0.030515402861925375,211.5852946442267,595.2582341373864,27.2800127073675,0.24499006029664258,1841.436989979418,-0.0,78.79476060608928,0.26889630428061095,238.4227845670981,13.59415412124972,31.72778549538905,6.79707706062486,16.921485597540826,3.6251077656665918,14.806299897848222,3.171969294958268
55,304.1588609355255,22754.97038278783,1707.9056854475264,6.335246969525587,8564.526523524873,-0.0,365.3634097080153,1.2468452195824757,615.01840514966,2477.763336706752,165.11816695167403,0.9391416493806578,599.2344148806733,-0.0,25.622818422472736,0.08744085426567844,211.71561019591692,594.875225292581,27.28299087257959,0.2450168059174276,1842.603957057877,-0.0,78.84998163421493,0.2690847524752288,243.19018040956203,13.684164376720581,32.14933149489419,6.8420821883602905,17.146310130610235,3.6491105004588213,15.003021364283963,3.192971687901469
56,304.3592771813259,22730.62736350771,1707.4196957465208,6.333444255940902,8570.96041741284,-0.0,365.66766400037784,1.2478835228167076,615.657149329887,2474.545918390733,165.10531137917212,0.9390685308148085,209.60514587203184,-0.0,8.963478877480474,0.030588916383680904,211.906849890756,594.3172184867183,27.287389511110263,0.24505630819810517,1844.1752677004429,-0.0,78.92434876208989,0.2693385389667635,238.62888709571678,13.598070109681451,31.746067403216998,6.799035054840726,16.9312359483824,3.626152029248387,14.8148314548346,3.1728830255923386
57,304.3263468246205,22734.62049891552,1707.4994321673682,6.333740027494822,4434.400458587629,-0.0,189.1810383903383,0.6456023429963832,615.6693242282676,2474.484884158596,165.10507006855153,0.9390671583137783,209.6043510517803,-0.0,8.963441308409214,0.030588788174846462,211.87044891390485,594.4230601009415,27.286549696796087,0.24504876618697505,1843.8690471758828,-0.0,78.9098547766843,0.2692890765522593,194.17340147763704,12.6950042395786,27.669485421175697,6.3475021197893,14.7570588912937,3.3853344638876264,12.912426529881992,2.9621676559016734
58,303.3025429920605,22860.085050294747,1710.001495478756,6.34302109561591,4411.728721569899,-0.0,188.10830248267993,0.6419415066816379,612.8429608989885,2488.9512035660423,165.16488643339656,0.9394073755083948,208.67019235441282,-0.0,8.919298098334725,0.03043814432547362,3446.5862563282103,596.7548247176145,122.86160848164911,1.1033672598668784,1837.3316637805847,-0.0,78.60055469665119,0.2682335539795037,259.84138787244257,13.989613403966699,33.60058264739888,6.994806701983349,17.9203107452794,3.7305635743911196,15.680271902119477,3.2642431275922297
59,304.00363897452644,22773.890892098243,1708.2832531838098,6.336647506380438,4435.007683668885,-0.0,189.20975284299084,0.6457003344127961,12497.951626886066,2487.4400708167764,720.191133960179,4.096226974313752,208.83231637193506,-0.0,8.926957701893691,0.03046428361536318,3447.696705337915,596.5500613322336,122.90210154075288,1.1037309106135935,1843.773961471757,-0.0,78.90535430884675,0.26927371818122375,622.9053543917888,18.72306559127575,60.18514337852005,9.361532795637874,32.0987431352107,4.992817491006866,28.086400243309374,4.368715304631008
60,5661.157680107227,22647.67961825814,2071.8314406424197,7.68518072604132,4486.079776648661,-0.0,191.6230076491126,0.6539358477091385,12517.124081913887,2482.579619079832,721.2467684216878,4.102231100374664,211.10680618026257,-0.0,9.034502452144242,0.03083129261018357,3469.1441630431787,592.7162158792049,123.68205444627314,1.1107353321804627,1853.472307805802,-0.0,79.36468812190698,0.27084124835471435,851.6625007321624,20.780633320905725,74.14006123578662,10.390316660452863,39.54136599241953,5.541502218908193,34.5986952433671,4.848814441544669
61,306.6828913410335,22455.31725735469,1701.9059118987122,6.312991614609425,4532.594904491169,-0.0,193.8205115357299,0.6614350858464011,12613.55292175411,2459.124838252637,726.5239541603374,4.132246119376989,212.48886567648768,-0.0,9.0999727241694,0.03105471754418166,3490.119997318945,589.1793777884652,124.44126736242758,1.1175534968236351,1863.6549429656475,-0.0,79.84773078734747,0.27248968775027443,629.7763600854695,18.79165608292636,60.62691826766854,9.39582804146318,32.33435640942322,5.011108288780362,28.292561858245325,4.384719752682817
62,306.7418103634854,22448.49785121343,1701.7689126389052,6.312483434238041,4506.617312564053,-0.0,192.5930861593742,0.6572463536903093,618.1823069066298,2462.115889507125,165.05818079305575,0.9388004664509727,212.4158019011459,-0.0,9.096508522877386,0.031042895553511963,3489.7119129922125,589.2462654444419,124.42652776648445,1.1174211268523455,1863.7719027017886,-0.0,79.85328434171726,0.272508639901841,260.10007617796396,13.994254375030533,33.622879932286445,6.997127187515266,17.93220263055277,3.7318011666748085,15.690677301733675,3.2653260208404578
63,305.7395194104137,22565.578441677222,1704.1181142087685,6.321197482240276,4455.127346343287,-0.0,190.16079573714123,0.6489458791353422,617.3318663645665,2466.2513548479333,165.07340604693582,0.9388870630399803,210.14215521247718,-0.0,8.98886689524549,0.030675555953336448,212.41835564113254,592.8481421049828,27.299316857446737,0.24516342256529763,1854.2126253580004,-0.0,79.39977860365289,0.2709609987135494,193.65724812747422,12.683745602471674,27.620429500837115,6.341872801235837,14.730895733779791,3.382332160659113,12.889533767057321,2.959540640576724
64,303.22917917701517,22869.17479195759,1710.1825256830514,6.343692602867701,4410.748160953329,-0.0,188.06187428325563,0.6417830650397879,612.6900918399809,18901.67875668801,1065.3479517588273,6.059373423591334,208.62165372256604,-0.0,8.917004971002235,0.030430318761182185,211.03414053328348,596.9033232978607,27.267591224760746,0.24487850830414734,1836.9275245296199,-0.0,78.58144118298009,0.2681683268863767,803.6424355640634,20.382489368175793,71.32632217697345,10.191244684087897,38.04070516105249,5.435330498180211,33.28561701592094,4.755914185907685
65,297.8086090302739,23580.10346189704,1724.250982713952,6.3958776564864905,4408.697903666793,-0.0,187.96478765452161,0.641451745603561,609.0485550122202,2509.3561805330974,165.25776915862025,0.9399356640509335,204.20565176086126,-0.0,8.70831717090212,0.02971814732029281,207.0935310608077,609.9588203806446,27.187675321333714,0.24416081794933447,1804.933856834716,-0.0,77.06976963328084,0.2630095715341984,197.6921423896043,12.771230404417217,28.00276153460442,6.385615202208609,14.934806151789024,3.4056614411779247,13.067955382815395,2.979953761030684
66,303.0280472805293,61775.93907937852,4580.8463568927,16.992034892583906,4409.575816884347,-0.0,188.00636145314652,0.6415936210368913,612.3984160471825,2491.282144448933,165.17500500308597,0.9394649268390746,208.53553017990865,-0.0,8.912936307654856,0.030416433973297095,210.9165901388974,597.2595368192408,27.26497892008633,0.24485504831948518,1835.9753034872303,-0.0,78.53640955732746,0.26801465121529655,2237.597152863101,28.674569360951928,141.16570150644966,14.337284680475964,75.28837413677316,7.646551829587181,65.87732736967651,6.690732850888783
67,298.62536883530413,63323.691017815254,4612.111268147088,17.108007885685655,4327.295351105444,-0.0,184.09468950555222,0.6282445846012763,601.2668764215197,2555.128331143369,165.498627927183,0.9413055950848821,205.40384301284374,-0.0,8.764988480255639,0.0299115447686344,207.90240853925206,3539.918981023548,129.07247936889974,1.159144419851531,1811.9264251229004,-0.0,77.40006443751066,0.2641367410502591,2613.032920367142,30.196126156563356,156.54451100305292,15.098063078281678,83.4904058682949,8.052300308416894,73.05410513475803,7.045762769864783
68,294.2626621668243,65007.053275235034,4645.757515238946,17.232814124543484,4287.275919583909,-0.0,182.1753724383309,0.6216946914085221,594.1046126912188,2602.679205511095,165.7903140563629,0.9429646166057521,203.0739488083908,-0.0,8.654711035583752,0.02953521013559932,205.471480163229,616.0752445079875,27.1598531544644,0.2439109590357037,1788.035187773806,-0.0,76.27106817643853,0.26028390972221443,2313.884323603266,28.99680526717691,144.35628134737757,14.498402633588455,76.9900167186014,7.7324814045805095,67.36626462877621,6.765921229007946
69,294.7202563980293,24023.33055201909,1732.9445868011485,6.428125414320515,4285.539118366345,-0.0,182.09173034482623,0.6214092530157572,593.9634568347407,2603.675709370755,165.79683302704132,0.9430016945178211,203.01490974678555,-0.0,8.651911776544896,0.029525657337869077,205.41814009762754,616.2846119703347,27.15899425666981,0.24390324564404434,1791.1672549460404,-0.0,76.41919067147052,0.26078939500053183,198.57120287155828,12.790131989754812,28.085711767736424,6.395065994877406,14.97904627612609,3.4107018639346163,13.10666549161033,2.9843641309427897
70,192.90313200684326,27570.56574699147,2046.315390134517,7.590532360483538,7873.599222821697,-0.0,335.67571562073783,1.1455325033399528,5224.147584090379,4639.6955462515525,497.97630068668445,2.8323369439793176,548.2103282880222,-0.0,23.428681949582234,0.0799531078202383,41.25282382927736,1642.5545816823414,59.02252718948119,0.5300559295966176,3282.275250549995,-0.0,140.39228681613818,0.4791050418071286,649.5467415149565,18.98627383054019,61.88919907973019,9.493136915270094,33.00757284252274,5.0630063548107165,28.88162623720742,4.430130560459378
71,192.3211359254903,27709.316191439124,2049.1148512006735,7.600916585670438,7908.8095852748565,-0.0,337.3423240663379,1.1512199989076477,5217.153708102862,4647.831028341338,497.6877256078798,2.8306956171617905,196.02593934580148,-0.0,8.378110071035419,0.028591277105593373,41.20959161711927,1644.422561179333,59.03037551485896,0.5301264120310707,3275.5176621296023,-0.0,140.07282420062742,0.4780148383975885,643.7216143456025,18.92934709391119,61.51862943354603,9.464673546955595,32.80993569789122,5.047825891709651,28.70869373565482,4.416847655245944
72,192.3069199983483,27712.73770725352,2049.183801476223,7.601172347465684,7907.625282725996,-0.0,337.2862982700208,1.1510288043477788,123.88407541297153,4647.897586530475,260.0530972808042,1.4791025071052426,196.02294334395714,-0.0,8.377968537424968,0.028590794105651636,41.20483186715289,1644.6293709738227,59.031249296892206,0.5301342590916753,3275.1432003734694,-0.0,140.0551245521335,0.4779544362841678,458.25111612183105,16.9019747226003,49.04675484076622,8.45098736130015,26.15826924840865,4.50719325936008,22.88848559235757,3.94379410194007
73,191.95389502242125,27798.2074481277,2050.90491957277,7.607556604101311,7867.712136170352,-0.0,335.39685603467285,1.1445808625007738,123.80507772022739,4651.803128746867,260.1093978035416,1.4794227272649063,195.08626494135666,-0.0,8.333723997455184,0.02843980445620087,41.08960719751287,1649.706529864755,59.052998601499446,0.5303295802414233,1635.281141756579,-0.0,69.90854341085883,0.23857105239263676,429.69632202333037,16.543350946435876,46.98750097292248,8.271675473217938,25.060000518891993,4.4115602523829,21.927500454030493,3.8601152208350378
74,191.65003435016067,27872.557369458522,2052.4001713036664,7.613103039760818,4036.4527183101504,-0.0,172.03405322338307,0.5870862575932073,123.68675505743002,4657.695985351289,260.19436980253636,1.4799060220153286,194.8899047525842,-0.0,8.324449301629608,0.028408153475708756,41.05264937215298,1651.3641856208,59.06022112268053,0.5303944425975603,1633.8201349557055,-0.0,69.83951361823148,0.23833548017971326,368.38744503836574,15.715850093433506,42.404420961852466,7.857925046716753,22.615691179654643,4.1908933582489345,19.78872978219782,3.667031688467818
75,190.49851915231406,28161.095952224012,2058.186636634502,7.634567156464565,4010.1708461772932,-0.0,170.78651563102602,0.5828288901558853,122.85587900868983,4700.589351336762,260.81374426445103,1.4834288345833548,193.6190654880988,-0.0,8.264413784474373,0.028203275276137574,1752.05462056424,1662.8399743091522,109.49438250064829,0.9833219529158372,1624.3302452105095,-0.0,69.39123349923216,0.23680567202553918,420.44275138163295,16.42373367213198,46.310467989725204,8.21186683606599,24.698916261186778,4.379662312568528,21.61155172853843,3.832204523497462
76,190.79679191814657,28085.306527181514,2056.6691647938287,7.628938298289388,4021.227682518916,-0.0,171.31178094037134,0.5846214192449178,122.95819326144446,4695.159917122743,260.73525661774926,1.4829824208462092,193.82068118964176,-0.0,8.273940306490589,0.02823578564285617,40.828382017213386,1661.7382024128606,59.10671588261878,0.5308119920379852,1627.6118418791023,-0.0,69.546235557606,0.2373346346155898,370.0450636965321,15.73938682601542,42.531529439019685,7.86969341300771,22.683482367477158,4.197169820270778,19.84804707154252,3.672523592736931
77,190.20288670359642,69169.82320507577,5026.730768677254,18.645983288321347,4005.470180754154,-0.0,170.5629959317728,0.5820661031304437,122.67956466405353,4710.046667085892,260.95052114583297,1.484206779665653,193.36270955408747,-0.0,8.252299032806597,0.028161932274068845,40.747725004419415,1665.6059121384205,59.12459732466612,0.5309725775777488,1622.1648518718573,-0.0,69.28895540249476,0.23645663609967316,3186.8072705866516,32.261770975603405,178.6947487433043,16.130885487801702,95.30386599642893,8.603138926827574,83.39088274687532,7.527746560974128
78,187.8053820734543,70747.55694220855,5058.423129980403,18.763541850022765,3939.3171283219845,-0.0,167.3996142297788,0.5712706943729056,120.66213400704885,23881.422325063937,1277.171586588478,7.264161494245891,190.95166867488956,-0.0,8.138198877128499,0.027772552194179224,40.23808265978888,1691.8623371068845,59.253078887324676,0.5321264152287931,1604.5820512679945,-0.0,68.45814281305825,0.23362139130508436,6583.5434998175515,41.088741596054426,289.85722381562556,20.544370798027213,154.59051936833362,10.956997758947846,135.26670444729203,9.587373039079367
79,182.43799210601028,74816.17310238145,5139.097756295168,19.06279355123383,3883.054257626132,-0.0,164.67090757814253,0.5619586648870998,118.38074934486502,4989.054936344131,265.0262792812952,1.5073884457928877,185.90507651152518,-0.0,7.8971753456576606,0.026950031301182672,39.17602349941163,1758.8008537927265,59.626292237748274,0.5354780838003804,1563.505269839353,-0.0,66.50705642721138,0.2269630816097327,3374.2531501533567,32.882297787937674,185.63493023466563,16.441148893968837,99.00529612515498,8.768612743450046,86.62963410951062,7.67253615051879
80,184.0994086029417,29991.17344735235,2094.40635613565,7.768919345910314,3881.8632032196597,-0.0,164.61262215587575,0.5617597590903131,118.64774511028166,4968.43247042003,264.72208633918854,1.5056582893439996,187.84097963024578,-0.0,7.990150257582547,0.027267319024568245,39.53502701317894,1734.0402335718322,59.48156218672099,0.5341783254641854,1577.3600408204888,-0.0,67.16775301622714,0.22921778572547077,384.4121517392782,15.940501236838278,43.625390622717035,7.970250618419139,23.266874998782416,4.250800329823541,20.358515623934615,3.7194502885955982
81,189.62200818412876,28388.21566428358,2062.7242320888754,7.651398757937759,3997.6196227004434,-0.0,170.1893919953287,0.5807911361529218,122.34014443921913,4728.621329806425,261.2193930350153,1.4857360407647828,192.87987236329488,-0.0,8.229474980662756,0.028084042535931712,40.63618688654889,7446.082485318035,259.4359456563618,2.3298826379323185,1617.9942872404379,-0.0,69.09195902058511,0.23578436298602068,597.7458947429476,18.4675154674646,58.553427869325134,9.2337577337323,31.228494863640066,4.924670791323893,27.32493300568506,4.309086942408407
82,4111.529511046864,28705.292655520014,2335.4325507217827,8.66297367328845,3996.467258132288,-0.0,170.13451789711166,0.5806038718970525,122.17244824199187,4737.9823489707,261.3550159505209,1.4865074224419974,192.79217215416236,-0.0,8.225328292620564,0.028069891479681607,40.603701398828555,7453.308397870095,259.4747622136006,2.3302312327368906,1606.6877082295036,-0.0,68.55769624031397,0.23396112897877766,757.3684515470362,19.983520831234273,68.56135579198605,9.991760415617136,36.56605642239254,5.328938888329139,31.995299369593486,4.662821527287997
83,188.33088985206777,28735.281668473417,2069.6316346965546,7.677020841060063,4013.425141686335,-0.0,170.9411838859024,0.5833567136025953,122.25626132797785,4733.288333963096,261.2869986270977,1.4861205607023995,192.99304247807046,-0.0,8.234825448636,0.028102301631499873,40.609937538480544,7451.916876687101,259.4672729117501,2.3301639745383107,1607.938109600879,-0.0,68.61680353594978,0.23416283951422745,601.723778402915,18.508390846573647,58.81291510733694,9.254195423286824,31.36688805724637,4.935570892419639,27.44602705009057,4.318624530867185
84,188.1429455146571,28787.10112572993,2070.6603854674527,7.680836854004609,3991.6778730868036,-0.0,169.90635679911608,0.5798252455574369,122.08283733123609,4743.035604348174,261.4282618382306,1.4869240226566431,192.66175639598904,-0.0,8.219161242980107,0.028048845703999594,40.57108000259905,1674.3415876952604,59.16601393483835,0.5313445223393668,1605.5060389299401,-0.0,68.50183092056837,0.23377048206391302,375.1280165688807,15.81112495848895,42.92011965092702,7.905562479244475,22.890730480494412,4.216299988930387,20.029389170432612,3.6892624903140883
85,49.337964138218176,37050.69913643309,2677.255137023045,9.930918690646378,7014.714088580223,-0.0,298.61306353253315,1.019051883350784,0.04637702668524825,7778.821915891318,420.17610811520643,2.389833235740508,480.264141254686,-0.0,20.4900714920337,0.06992475713198086,-0.0,3246.9003391418355,112.56009104671098,1.0108537627287042,2856.6911385091344,-0.0,121.98175652177108,0.41627696138754094,1046.1426276947323,22.25528893647884,85.03581061799183,11.12764446823942,45.352432329595636,5.934743716394357,39.683378288396206,5.192900751845063
86,48.812697864799546,37769.135229141684,2691.707641141153,9.984528315402859,6972.256747787189,-0.0,296.5869584760279,1.0121375636982104,0.045999348900998195,7873.71895527483,421.6547259426151,2.3982431618611306,476.0513764003725,-0.0,20.290661807655326,0.06924424834237786,-0.0,3284.760558588384,112.77529375719124,1.0127864057073608,1424.4666630964136,-0.0,60.76203637150471,0.20735753107420474,1014.2020043500854,22.026445839129217,83.29601663051712,11.013222919564608,44.42454220294247,5.873718890434458,38.87147442757466,5.13950402913015
87,48.78284583167089,37811.50200890077,2692.5566676868584,9.987677665449853,6966.574700641169,-0.0,296.31517798745864,1.0112100811043208,0.04599075708212291,7875.968127899234,421.6897650804123,2.3984424537638405,176.94827445557695,-0.0,7.5418264398947565,0.025737361743526577,-0.0,3285.3691749936515,112.77883584982257,1.0128182157177386,1424.227835982679,-0.0,60.750739243269514,0.2073189783073956,1005.7113941133957,21.964807134130012,82.83047854132286,10.982403567065006,44.17625522203886,5.85728190243467,38.654223319284,5.125121664630337
88,48.76556203309164,37836.11040800077,2693.04966217787,9.989506362363144,3608.276885608774,-0.0,153.4667580503749,0.5237231987539462,0.04597730352378481,7879.498451758569,421.74476275608697,2.398755263727751,176.8958532656382,-0.0,7.5393415428289225,0.025728881742668894,-0.0,3286.8078743925967,112.78721889537141,1.0128935002440513,1423.7578636061028,-0.0,60.72850712370572,0.20724310860817896,908.9854136462093,21.23677547315961,77.43058366504128,10.618387736579805,41.296311288022004,5.663140126175896,36.134272377019265,4.95524761040391
89,48.49359561358402,38231.12840746722,2700.9482177665836,10.018804994473452,3588.4169798208445,-0.0,152.51421845447362,0.5204725463622312,180.968078156276,7951.016289809306,431.22598303921825,2.452681545851797,175.88823698802713,-0.0,7.491521510748015,0.025565690309657007,-0.0,3310.246425374422,112.92570857146475,1.014137216457109,1416.341088456003,-0.0,60.37740511965406,0.20604493209759875,924.4535871731283,21.356560388327768,78.30653336156433,10.678280194163884,41.76348445950098,5.695082770220738,36.543048902063354,4.983197423943146
90,48.496797707562074,38226.3903158388,2700.853639995341,10.018454170921686,3589.255603056999,-0.0,152.55453017963865,0.5206101148227821,0.04571455443043357,7950.5817954192125,422.8521986632622,2.405054020573522,175.92010820773714,-0.0,7.4930358845386404,0.025570858286721298,-0.0,3309.7947433719382,112.92300644808135,1.0141129498492547,1416.5025524466664,-0.0,60.38505431321601,0.2060710358621602,915.1673220243111,21.28480972547419,77.7812514447653,10.642404862737095,41.483334103874824,5.67594926012645,36.29791734089048,4.966455602610645
91,11249.761260543579,38407.653518161416,3462.57533301543,12.843958581642664,3581.7397985792763,-0.0,152.19295037157704,0.5193761815848055,0.04561407339139997,7978.889292840653,423.2932957269722,2.4075628458081844,175.5277208316785,-0.0,7.474382154700137,0.025507200259511875,-0.0,3320.1234323693475,112.98511292969577,1.0146707014470544,1413.3896101638616,-0.0,60.237530283640574,0.2055675929169658,1578.2893862708952,25.52496465548878,111.8576473526161,12.76248232774439,59.65741192139523,6.806657241463674,52.20023543122084,5.955825086280716
92,48.48474680150543,38244.23291019838,2701.209778907684,10.0197752204295,3627.270699605362,-0.0,154.37410838006227,0.5268196375077924,0.04581043139478054,7924.1625818671755,422.44058021661846,2.402712860699759,176.46360982928107,-0.0,7.518841655283255,0.025658923487109804,-0.0,3305.907249077303,112.8998031393431,1.0139045709138106,1418.4036716729292,-0.0,60.475097412720764,0.20637831843395255,916.2079556020028,21.292874297207884,77.84020346952855,10.646437148603942,41.51477518374856,5.678099812588769,36.325428285779985,4.968337336015173
93,48.189911069899416,82913.5877251043,5804.023918129715,21.52924792726502,3570.898329829413,-0.0,151.67010834291247,0.5175919222235349,0.045457148829713336,8024.4237291252775,424.0030148157755,2.411599510991433,174.94865872499724,-0.0,7.446814147298872,0.025413121221139773,-0.0,3336.201530035762,113.08307617469855,1.0155504672139377,1408.6921309272545,-0.0,60.01468653321213,0.20480711264567208,5439.735085829183,38.5563150923411,255.22706949098608,19.27815754617055,136.1211037285259,10.281684024624294,119.10596576246016,8.996473521546257
94,47.80586525373214,84221.76681815904,5830.020245776948,21.625677816426478,3528.2718560226913,-0.0,149.59703795700014,0.5105173279104415,0.04495119254814773,8183.424895784509,426.4842617147056,2.425712084720912,173.59557860609226,-0.0,7.382174263314644,0.025192530083115006,-0.0,8474.523875293007,284.4917964774853,2.5548984569972757,1399.550297110523,-0.0,59.580045837307466,0.203323850612515,6549.589682496152,41.0179831001261,288.8596405217427,20.50899155006305,154.05847494492943,10.938128826700293,134.80116557681328,9.570862723362758
95,47.65362154143329,84761.47360024288,5840.7140193942505,21.665344934745164,3527.106451334284,-0.0,149.5399082921457,0.5103223662705305,0.04488905329754625,27930.21858908142,1452.9937674953976,8.264184302293147,173.39645257160095,-0.0,7.372630962785902,0.025159962457766836,-0.0,8490.731842077355,284.59516024095325,2.555826722497594,1394.6992738651036,-0.0,59.348780625965816,0.20253463112431416,11746.16583433609,49.83505937908278,429.39996503980973,24.91752968954139,229.0133146878985,13.289349167755407,200.3866503519112,11.628180521785982
96,46.14482881216479,90903.09582837044,5961.489724173442,22.113346205666744,3457.8437969652064,-0.0,146.08563639535478,0.4985342608193203,0.04388956565873981,8596.399508158402,432.96875547875794,2.462593902641971,168.39949584707213,-0.0,7.129193786742536,0.024329204721350656,-0.0,8929.316230661989,287.57642207163923,2.582600152682345,1355.7949245124405,-0.0,57.468549163542676,0.19611812211345184,6939.488486443144,41.81628277296777,300.21472901601413,20.908141386483884,160.1145221418742,11.15100873945807,140.10020687413993,9.757132647025813
97,46.31902598265657,90108.13195780257,5945.926460902687,22.055616368877693,3451.3357311482723,-0.0,145.75374556546421,0.49740164467967174,0.0439099556327171,8587.149636887885,432.8226682322587,2.4617630030494935,169.5027149060404,-0.0,7.183764607471423,0.024515434007443868,-0.0,3525.250680707675,114.33412631042647,1.0267856103743853,1361.4804838753978,-0.0,57.74709767115148,0.1970687013611423,5802.370349007221,39.39472614352475,266.4478540971119,19.697363071762375,142.10552218512626,10.505260304939933,124.34233191198555,9.192102766822442
98,46.56218587884723,41549.438780595396,2766.4742884605776,10.261865161276674,3459.1001587974024,-0.0,146.14953457532576,0.49875232080595244,0.04399374744928782,8549.78593276849,432.23301733238793,2.458409249014509,169.81347940285943,-0.0,7.199034739296342,0.024567545112065728,-0.0,3507.4269561208707,114.20933290750921,1.0256648944996063,1368.0278224300791,-0.0,58.065954194306094,0.1981568364098757,969.9243757837959,21.701124010678022,80.85368896619296,10.850562005339011,43.12196744863625,5.786966402847472,37.731721517556736,5.063595602491539
99,46.97221132971408,39827.626609560844,2782.542738462198,10.321468920456773,3265.09722177439,-0.0,138.66549931317172,0.47321217819216205,-0.0,8541.355763087102,450.51825054681666,2.5624100648988963,154.5563695078799,-0.0,6.577778558995304,0.022447435987937896,-0.0,4171.572510825416,141.14340155482483,1.2675481799922736,2505.7103258954367,-0.0,106.73348230848144,0.36424044841291986,1083.4833487393973,22.516990841911444,87.04745623669763,11.258495420955722,46.425309992905404,6.004530891176385,40.62214624379222,5.253964529779337
100,46.90825113569549,39933.2853657805,2784.641331031054,10.329253367997055,3262.6595522086272,-0.0,138.54761331206154,0.4728098784734863,-0.0,8556.192969186193,450.74962410503065,2.5637260469564476,154.37789372360703,-0.0,6.569264024677061,0.022418379147188146,-0.0,4178.503998792075,141.1863682212665,1.2679340451425287,1286.1201396441325,-0.0,54.772797664239306,0.18691855592598158,1047.4548644276688,22.26459041046403,85.10690595814708,11.132295205232015,45.39034984434512,5.937224109457075,39.716556113801964,5.19507109577494
101,46.85695686075058,40018.75697755377,2786.337834330415,10.335546319345388,6257.304176160156,-0.0,265.6687396711159,0.9066255384362459,-0.0,8566.82027252116,450.91537081120816,2.5646687635447716,154.25706986669866,-0.0,6.563496301768894,0.02239869612052253,-0.0,4182.216465712154,141.20947024297445,1.2681415144627197,1285.306769986576,-0.0,54.73412386649058,0.18678657708364313,1143.642596072132,22.926251113489936,90.24049563181386,11.463125556744968,48.1282643369674,6.113666963597316,42.11223129484647,5.349458593147652
102,46.87175306901936,39994.034217997476,2785.847221484464,10.333726456824875,6264.476657855192,-0.0,266.015982559229,0.9078105452638969,-0.0,8557.85661384941,450.7755695216488,2.5638736165534604,422.91819924034513,-0.0,17.996536724858736,0.06141527911172852,-0.0,4179.567076843625,141.19297723639315,1.2679933978646754,1285.9837539941996,-0.0,54.76631370094472,0.1868964286455178,1152.0920128577693,22.98257358639623,90.68442438123263,11.491286793198116,48.3650263366574,6.128686289705661,42.319398044575244,5.362600503492454
103,46.89470796590386,39955.78823383215,2785.0880816301633,10.330910529398446,6267.386502111338,-0.0,266.156734865103,0.9082908789127,-0.0,8549.02359062836,450.63781923078875,2.563090135015667,154.47385384458426,-0.0,6.573842760089868,0.022434004615446597,-0.0,4176.114848360504,141.17153380695407,1.267800823648248,1286.7056975951762,-0.0,54.80063206923411,0.1870135440771909,1142.6041496431021,22.919309873501547,90.1858607845377,11.459654936750773,48.099125751753434,6.111815966267079,42.08673503278426,5.347838970483695
104,46.892418828297224,39959.59631674348,2785.16367679171,10.331190939506675,3263.5417391865008,-0.0,138.59028678225766,0.47295550666422265,-0.0,8548.910188272388,450.63605081512975,2.563080076808085,154.4720114577164,-0.0,6.573754867641806,0.022433704672223515,-0.0,4176.536563051843,141.1741503884357,1.2678243220410763,1286.6062007503886,-0.0,54.79590293780878,0.18699740536501072,1047.755871711002,22.26672293258594,85.12320996806473,11.13336146629297,45.39904531630119,5.937792782022917,39.724164651763544,5.195568684270053
105,46.804654150292855,40106.59375471629,2788.0802529047983,10.342009587245405,3255.8069454227602,-0.0,138.21570711825527,0.47167720990268486,-0.0,8581.5691066887,451.1454319702083,2.565977281076855,154.1080778857828,-0.0,6.5563797936709225,0.022374410207192656,-0.0,9506.022534169693,320.58252012504397,2.8790137225366106,1284.0645247377047,-0.0,54.67503400231588,0.18658492603508608,1430.404380123075,24.701455705505744,104.75637887100915,12.350727852752872,55.87006873120488,6.587054854801532,48.886310139804266,5.76367299795134
106,46.522601837330676,40592.61070104335,2797.703546879372,10.377705904968769,3249.9417144070844,-0.0,137.9309942119963,0.47070559392612576,-0.0,8620.075706975771,451.7462829921212,2.5693947379816215,153.8337513437991,-0.0,6.543264286760167,0.022329652011216915,-0.0,4201.267056722552,141.32897919641414,1.2692147729697174,1276.7054500677636,-0.0,54.32432366385287,0.18538808612897664,1058.4336421773226,22.342108121979642,85.70056406941285,11.171054060989821,45.70696750368685,5.957895499194571,39.993596565726,5.21315856179525
107,46.77663537234551,84415.5607459937,5859.869723030534,21.73640044702838,3254.596285194466,-0.0,138.15698745550657,0.4714768222096419,-0.0,8589.175592069796,451.2640985701403,2.5666522204154147,154.0354406797562,-0.0,6.552908621805016,0.022362564428627104,-0.0,4191.512385018617,141.26758669403898,1.2686634333123645,1283.4352822193077,-0.0,54.64509140316044,0.18648274342558865,5795.008123657393,39.37805734623002,266.22241536407637,19.68902867311501,141.98528819417402,10.500815292328006,124.23712716990228,9.188213380787005
108,45.67478531174459,42194.10326561197,2829.237659606285,10.49467746481079,3176.0503780057466,-0.0,134.2787950924649,0.458242038758436,-0.0,9018.005888208716,457.98131058787794,2.6048576686107308,150.65297541562649,-0.0,6.389633061488507,0.02180536754890129,-0.0,4347.036314284648,142.29151212518198,1.277858867193055,1257.1247549124737,-0.0,53.383837179780656,0.18217856638619642,1089.6212200495988,22.559429959962166,87.37589254092829,11.279714979981083,46.60047602182843,6.015847989323245,40.77541651909987,5.263866990657839
109,46.70593180656527,40274.3059079168,2791.404343650267,10.354339855831718,3251.6629706660187,-0.0,138.0146105949831,0.4709909445787518,-0.0,27501.75393464181,1442.6159833842837,8.205158639236457,153.85312139392042,-0.0,6.544190913114407,0.022332814231651208,-0.0,4199.733050969904,141.31929733228725,1.2691278243124098,1281.83321559157,-0.0,54.56882078713404,0.18622246105888113,2762.7771327222845,30.762258808874805,162.46949306092577,15.381129404437402,86.65039629916048,8.203269015699949,75.81909676176537,7.177860388737455
110,45.98854821686803,41574.783623786396,2817.0706534744018,10.449545588160928,3237.035050889036,-0.0,137.30225862392237,0.46855996045123055,-0.0,8719.79543994368,453.3039082878242,2.578254034425674,151.3905647181076,-0.0,6.425565950677749,0.021927992721321267,-0.0,4303.166976104771,141.99349023104983,1.2751824607486606,1263.8203075309907,-0.0,53.70686533629277,0.18328093761997583,1076.0136750910622,22.465126461191687,86.64691754733003,11.232563230595844,46.211689358576,5.990700389651116,40.435228188754024,5.241862840944727
111,1338.1607189973436,40440.49019476999,2881.796231675486,10.689636435473593,3245.890820954248,-0.0,137.7339965446248,0.4700333164256848,-0.0,8636.827923540108,452.0077812675211,2.5708820602200104,153.57057014389417,-0.0,6.530665606771067,0.0222866575473487,-0.0,4211.492120597229,141.39377215623577,1.2697966506727731,1279.4910920525049,-0.0,54.4572200029888,0.18584161037565494,1126.7358633010117,22.8127150960726,89.34892576342979,11.4063575480363,47.65276040716256,6.083390692286027,41.69616535626724,5.322966855750273
112,46.62279207165144,40417.53307239324,2794.240311059353,10.364859496399212,3250.2768955379056,-0.0,137.9472810018872,0.4707611744948915,-0.0,8629.108712803676,451.887278266387,2.570196675992886,153.66257589124632,-0.0,6.535071836666623,0.02230169432042361,-0.0,4209.140935366743,141.3788340312195,1.26966249779727,1280.0206437354611,-0.0,54.48246335406373,0.18592775625336935,1056.0840941232839,22.32556394288708,85.57368969210762,11.16278197144354,45.63930116912406,5.953483718103221,39.93438852298356,5.209298253340319
113,30.16601630277386,42460.97472275953,2931.9593688938394,10.875709861982033,3242.103873263301,-0.0,137.56519372256793,0.46945725712105485,-0.0,8720.792787373004,456.2488102430069,2.595003736354379,160.42142707659076,-0.0,6.821737010479433,0.023279972637551546,-0.0,3899.1035570819113,130.864456652799,1.1752373970631629,1248.9673092384685,-0.0,53.15632830412575,0.18140216583133625,1151.7254087086746,22.980135586484273,90.6651857271067,11.490067793242137,48.35476572112358,6.128036156395806,42.310420005983126,5.36203163684633
114,30.033263383034015,85428.04942354142,5859.455336455523,21.734863335631704,3228.8212927270906,-0.0,136.9167128829935,0.46724424067405934,-0.0,8790.767293301722,457.34190630975746,2.6012209325721645,159.75299672242414,-0.0,6.789655787413513,0.023170491724698046,-0.0,3924.810837021911,131.0295703433206,1.1767202120981342,1244.2161244915246,-0.0,52.92949933574835,0.18062808553930537,5749.96688591734,39.2757709473601,264.84112441914175,19.63788547368005,141.24859969020898,10.473538919296027,123.59252472893282,9.164346554384023
115,29.80666434616791,86783.1060443467,5886.209793545631,21.834105404233988,3193.684305294115,-0.0,135.18199414496655,0.461324310795045,-0.0,29180.920921236335,1497.5233407584979,8.517454900268985,158.58624779824387,-0.0,6.733360666091386,0.022978378061859164,-0.0,3973.3322890662225,131.3488990656029,1.1795879660015354,1236.5264773292706,-0.0,52.561053543877925,0.1793707213313349,10688.654444616523,48.292232521039125,401.33194095442366,24.146116260519563,214.0437018423594,12.8779286722771,187.2882391120644,11.268187588242462
116,29.605717738369624,88053.01589076562,5911.209112387596,21.926837023013192,3196.9386527526663,-0.0,135.34400056636557,0.4618771765902937,-0.0,29314.531777148964,1499.6205166611269,8.529382995599724,157.22179089051465,-0.0,6.666934796871789,0.022751692041057973,-0.0,9062.937224892707,296.67269483515975,2.6642898658329464,1228.0910120699457,-0.0,52.15457808214339,0.17798357644250676,12349.925061212369,50.67468349427958,446.389992878103,25.33734174713979,238.07466286832158,13.513248931807887,208.3153300097815,11.824092815331902
117,28.892555335386184,93193.53984828302,6011.915200997138,22.300392745739885,3138.5121978026045,-0.0,132.38100737200884,0.45176561697081374,-0.0,30547.984528868066,1519.0975003645203,8.640162123892244,154.38238449207728,-0.0,6.525836726150977,0.02227017842941539,-0.0,4177.074089403561,132.78441288762025,1.1924796981860193,1202.1643848133942,-0.0,50.88363583062937,0.17364633787794428,11282.888557153976,49.171075051644486,416.93760353691823,24.585537525822243,222.3667218863564,13.11228668043853,194.57088165056186,11.473250845383713
118,28.93142930262613,92883.2819706358,6005.8517478481945,22.277901179891714,3139.586645351861,-0.0,132.43671802747033,0.4519557360757824,-0.0,9379.24276952401,466.6067713281356,2.6539166521000794,154.3799395047893,-0.0,6.525713090477441,0.022269756508269425,-0.0,4176.729862599888,132.78187266104194,1.1924568855037356,1204.0759977265009,-0.0,50.97877804002308,0.17397102175654577,6146.53482630203,40.15870684775419,276.882919528049,20.079353423877095,147.67089041495947,10.70898849273445,129.21202911308956,9.370364931142644
119,29.129139133048735,45818.592448502655,2997.968680571141,11.120562546370465,3139.0328232157012,-0.0,132.40800882668702,0.4518577625819852,-0.0,9336.5099984097,465.92851989966385,2.650058965347681,155.58892706792565,-0.0,6.586355940262252,0.022476707301225064,-0.0,4119.677774139026,132.36591509282744,1.1887213494975446,1212.054493288983,-0.0,51.37310289395504,0.17531670128006605,1218.1189758825224,23.41349104856845,94.11692496881246,11.706745524284225,50.19569331669997,6.243597612951587,43.92123165211248,5.463147911332638
120,1311.2168956379842,43022.99085342338,3029.312138531273,11.2368268979376,3225.397961173499,-0.0,136.74899157758793,0.46667187217105516,-0.0,8818.349272005713,457.7731373921266,2.603673643121446,159.5090306228341,-0.0,6.7779176939112045,0.02313043411251936,-0.0,3935.6858422062946,131.10028733887634,1.1773552910180396,1242.1521378198727,-0.0,52.83077640718594,0.18029118203919955,1236.697543159359,23.531923980599792,95.07148016494071,11.765961990299896,50.704789421301705,6.275179728159944,44.366690743639005,5.490782262139952
121,29.979259538594366,43000.12117036046,2942.621215343233,10.915258550755423,3228.53632283185,-0.0,136.90276074849817,0.4671966273889403,-0.0,8811.186939022662,457.6611365695038,2.6030366166861856,159.58222403919953,-0.0,6.781441016193359,0.023142457860458605,-0.0,3933.707888166271,131.08738770310995,1.1772394449376835,1242.5558798127192,-0.0,52.85009724091758,0.1803571166361968,1162.162939825149,23.049346221397332,91.21213153881583,11.524673110698666,48.6464701540351,6.146492325705955,42.565661384780725,5.378180784992711
122,29.949246275380535,43089.109763243716,2944.378070534042,10.921775369346932,5994.873072136316,-0.0,254.12492786942514,0.867230935204903,-0.0,8830.837699818087,457.9684614259987,2.6047845865065433,159.37282883160896,-0.0,6.771357298500026,0.023108045998549397,-0.0,3940.25932972283,131.13017764689158,1.1776237230177418,1241.2010510981518,-0.0,52.78524416992552,0.18013579797266038,1257.3172092175512,23.661987687070997,96.12532697051705,11.830993843535499,51.266841050942425,6.309863383218932,44.85848591957464,5.5211304603165665
123,29.95767959356404,43064.03756530632,2943.8831628570506,10.919939575726962,6000.912569829821,-0.0,254.42129312361877,0.8682423161768973,-0.0,8821.595875259762,457.82391107565985,2.6039624283095257,403.2311729953814,-0.0,17.13396034360354,0.0584716366754148,-0.0,3937.7678109355224,131.11388323078287,1.1774773898753126,1241.7850298376463,-0.0,52.813204621819445,0.18023121627360403,1265.3844600400303,23.712486844556576,96.53606405913764,11.856243422278288,51.48590083154007,6.323329825215087,45.05016322759757,5.532913597063201
124,29.96044360899555,43055.831697748035,2943.7211712669505,10.919338689659883,6001.731569765529,-0.0,254.46144916042348,0.8683793533327728,-0.0,8820.047743970912,457.79969943286494,2.6038247198879247,403.2741708344341,-0.0,17.136030720371092,0.058478702077441276,-0.0,3936.9707748480846,131.10867617684818,1.1774306275636117,2362.3812443402635,-0.0,100.47389690452057,0.3428788836526881,1304.6881419641795,23.95549646426148,98.52483894183247,11.97774823213074,52.546580768977314,6.388132390469727,45.978258172855185,5.589615841661012
125,29.98910241683088,42971.08233671267,2942.0477451820693,10.913131340142108,6008.11354466326,-0.0,254.77409463669593,0.8694462924601088,-0.0,8807.549999091098,457.6042697537966,2.6027131756252517,403.6035826481944,-0.0,17.15188535545231,0.058532807867550475,-0.0,3933.07187691767,131.0832433559179,1.1772022263381408,1242.7478785667483,-0.0,52.859283605151525,0.18038846617483728,1263.7257820202158,23.702121462911997,96.45168535598168,11.851060731455998,51.44089885652357,6.320565723443199,45.01078649945812,5.5304950080127995
126,29.97751424828442,43005.27763871239,2942.723038383413,10.915636249660126,6004.382527992875,-0.0,254.59137352216027,0.8688227353601857,-0.0,8808.939555448775,457.6259962586656,2.602836749342152,159.61144841295626,-0.0,6.782847377987324,0.023147257233995248,-0.0,3933.481423482268,131.08591182708503,1.1772261907299153,1242.6276000671455,-0.0,52.85352888696626,0.18036882752830424,1255.7348274883718,23.65205701478202,96.04465844695649,11.82602850739101,51.223817838376796,6.307215203941872,44.82084060857971,5.5188133034491385
127,29.974353762036383,43014.62103141415,2942.9075323950474,10.916320605440461,3226.568327055341,-0.0,136.80636036651464,0.4668676498497331,-0.0,8810.110105926187,457.64429891748875,2.602940849269571,159.59797790844755,-0.0,6.782199167496545,0.023145045140145024,-0.0,3934.148443565297,131.0902594383494,1.1772652347566623,1242.4891053295848,-0.0,52.84690210753412,0.18034621287112557,1162.3115117901878,23.05032839599155,91.21990513431287,11.525164197995775,48.650616071633536,6.14675423893108,42.569289062679324,5.378409959064695
128,123.7275699717595,34993.522997984444,2397.8442211701927,8.894481390277933,3310.9460904146717,-0.0,140.35211366501252,0.4789679462466383,1.6580239911515375,6044.574651775542,313.5509902836163,1.7833821657315132,158.499845575533,-0.0,6.734272105078359,0.02298148845363254,-0.0,2472.8045221573934,82.29368175210271,0.739044159207281,1306.4146524932703,-0.0,55.55860599633149,0.18960021844703212,568.6321570528456,18.162686052546047,56.636386157957666,9.081343026273023,30.206072617577426,4.843382947345613,26.430313540380244,4.237960078927411
129,125.22767246412394,34153.79823824958,2381.327152911961,8.833213541871546,3339.8372794533593,-0.0,141.7624774660001,0.4837809770986846,1.6739001995498661,5940.531057216754,311.9267324201768,1.7741438836148247,160.14185149948352,-0.0,6.8130424619671714,0.023250301477383634,-0.0,6892.011472826949,232.3141839068652,2.086313761420547,1320.5006077317905,-0.0,56.23070825413702,0.19189384573687243,769.4126098681872,20.088894466829785,69.28631382403988,10.044447233414893,36.9527007061546,5.357038524487943,32.33361311788528,4.68740870892695
130,3542.7794753401845,34486.64114577509,2618.383672202326,9.712542891400028,3337.0862560577434,-0.0,141.62885460840417,0.4833249735230841,1.6714334835205293,5955.969289057062,312.16749549661114,1.775513270381204,160.0045491528701,-0.0,6.8064799934469375,0.02322790628868739,-0.0,6903.24311478958,232.3847668881423,2.086947636815859,1313.8572966835684,-0.0,55.91429380140509,0.19081404453808545,931.2221954436286,21.40855608442042,78.68829513361636,10.70427804221021,41.96709073792873,5.708948289178779,36.721204395687636,4.995329753031432
131,124.66869544021823,34458.1217678896,2387.3237094470305,8.855456963706887,3350.5351850207844,-0.0,142.28090139319522,0.4855501591737506,1.6734835592835482,5943.120988087891,311.96711783181695,1.7743735834885503,160.25163826340207,-0.0,6.818287016348966,0.0232681991304765,-0.0,6895.393007239156,232.33539918752228,2.086504286730896,1315.3562784960611,-0.0,55.98576962255053,0.19105796410841722,773.4898513468527,20.12431673450847,69.53087104882843,10.062158367254234,37.083131226041836,5.366484462535592,32.447739822786595,4.695673904718642
132,124.54007266849456,34529.54937200443,2388.7293181219347,8.860670880478699,3335.6003000288692,-0.0,141.55662400466724,0.48307847816918725,1.6709159508532985,5959.240577148942,312.2185218789261,1.7758034928426931,159.9574657856647,-0.0,6.804228696866481,0.023220223476712737,-0.0,2439.208626678802,82.07769735873693,0.7371044962708512,1313.442417657798,-0.0,55.89450223901753,0.19074650352468533,563.3186613985827,18.105936112144242,56.28301439031819,9.052968056072121,30.017607674836377,4.828249629905131,26.265406715481827,4.22471842616699
133,125.25458080682755,34139.39240176927,2381.04296434684,8.832159382522292,3340.064032285599,-0.0,141.77348553107586,0.48381854340377123,1.674167857571487,25444.253771166757,1336.0419466172614,7.598998102704885,160.16372011480829,-0.0,6.814087328907495,0.023253867207599154,-0.0,2433.366625885118,82.040971689683,0.7367746788337234,1320.7207426425782,-0.0,56.24117809136183,0.19192957527668597,1826.9012599437626,26.800401224923434,123.3155867468445,13.400200612461717,65.7683129316504,7.146773659979583,57.547273815194096,6.253426952482134
134,123.21904464304643,35295.73555716928,2403.7681088758764,8.916455256841537,3330.6237047177283,-0.0,141.3144305073714,0.48225196463145076,1.6634224342669137,6007.912482032966,312.97816683633215,1.780124121101913,157.38219364087442,-0.0,6.680221350772979,0.0227970339548245,-0.0,2496.508177497178,82.45066666956939,0.7404539732278381,1300.7704537781049,-0.0,55.287849511651565,0.1886762303857648,571.7798470107565,18.196137870214994,56.845202714533386,9.098068935107497,30.317441447751122,4.852303432057331,26.52776126678225,4.2457655030501655
135,125.19315540799055,77440.34904120823,5386.622743351189,19.980954277256366,3339.3108195048585,-0.0,141.73691628247093,0.4836937465806761,1.673635904823187,5942.173147888563,311.9523376948754,1.7742895185885965,160.1189217428219,-0.0,6.811946789155793,0.023246562366211594,-0.0,2434.7813114799333,82.04984152252997,0.7368543349873811,1320.2309890762654,-0.0,56.21788369849787,0.19185008044602211,3995.003182732535,34.78633278033788,207.75557383051594,17.39316639016894,110.8029727096085,9.276355408090101,96.95260112090746,8.116810982078839
136,122.17018076930542,35950.51848654948,2416.5729499358977,8.963953096571194,3257.383836291738,-0.0,137.68502207429975,0.4698661853376124,1.6318891365737611,6244.604234748008,316.68850780641037,1.8012274061173268,156.51010611741532,-0.0,6.637737153723628,0.022652051680761762,-0.0,2526.717947319806,82.65581870752128,0.7422963554395678,1292.2363205181696,-0.0,54.87645234667322,0.18727228961098125,579.8077065662687,18.280901077136164,57.37604112283312,9.140450538568082,30.600555265511,4.874906953902977,26.77548585732212,4.265543584665105
137,125.09593189829015,34224.64643442683,2382.72435570931,8.838396278168485,3337.7679610350892,-0.0,141.66197858965435,0.4834380129697774,780.2194490152111,5950.610351531453,347.91345252919257,1.9788253447945179,159.99750564976594,-0.0,6.806143237483399,0.023226757069712126,-0.0,2437.4706018262946,82.06674452427931,0.7370061335756803,1319.2880980516072,-0.0,56.173023837510954,0.1916969909418833,589.1808429436294,18.37888427628009,57.99274533515946,9.189442138140045,30.92946417875171,4.901035807008024,27.063281156407747,4.288406331132021
138,125.14465650226391,34198.381141509206,2382.2064610443076,8.836475217400935,3339.3334443008353,-0.0,141.73801488030102,0.48369749567381537,1.6725411966469692,5949.005297876053,312.05888099437766,1.7748955043009638,160.11095627596993,-0.0,6.811566142892667,0.02324526336647347,-0.0,2435.713031590725,82.05569150621913,0.7369068711746664,1319.9310133595595,-0.0,56.203613598307165,0.191801382065908,560.020656705937,18.070532600974143,56.0631231699627,9.035266300487072,29.900332357313438,4.8188086935931045,26.162790812649263,4.216457606893967
139,125.02700164354674,34261.92864214165,2383.4593095925347,8.841122490980535,6438.613730260665,-0.0,273.23613395509227,0.9324501534276926,1.6713197623278482,5956.687144446502,312.1786924853711,1.7755769554298346,159.89534564303045,-0.0,6.8012576893931955,0.023210084567432333,-0.0,2439.462711601478,82.07930045893076,0.7371188930241578,1318.5417296472126,-0.0,56.13750181808859,0.19157576791043057,625.7558155599894,18.751581518010127,60.368611419664134,9.375790759005064,32.1965927571542,5.000421738136033,28.172018662509945,4.37536902086903
140,125.06716218989355,34240.18921958276,2383.030778891171,8.839532913845042,6447.7673933273945,-0.0,273.6809117510102,0.9339680094961478,1.6725001601281688,5949.262373831754,312.0628902259408,1.7749183075842883,438.0748102993466,-0.0,18.635925436205735,0.0635972676114393,-0.0,2437.705803994167,82.06822542188273,0.7370194328800849,1319.2877123500211,-0.0,56.17300548354906,0.19169692830684912,631.7332199275254,18.811099289585776,60.7524411616811,9.405549644792888,32.40130195289659,5.01629314388954,28.351139208784513,4.389256500903348
141,125.13045877982027,34206.026984233424,2382.3572307998743,8.837034477578582,6450.993556007363,-0.0,273.83749382317126,0.9345023640674014,1.6735930391262022,5942.43974679392,311.95649487445803,1.7743131633550209,160.14687263123338,-0.0,6.813282376735728,0.023251120214493957,-0.0,2435.497275061933,82.05433625515752,0.7368947002478101,1320.0849964313384,-0.0,56.21093891486319,0.19182638056243811,625.2705747863541,18.74673330903862,60.3373989262393,9.37336665451931,32.179946093994296,4.999128882410299,28.157452832245003,4.374237772109011
142,125.12311158653178,34209.98606678941,2382.4352973342775,8.837324054912807,3340.95224142037,-0.0,141.81659662105693,0.4839656650230293,1.673606967727598,5942.35311098365,311.9551439264567,1.7743054795758366,160.14492480919307,-0.0,6.813189308435892,0.023250802608073443,-0.0,2435.808898562343,82.05629379659854,0.7369122800855035,1319.9624620907723,-0.0,56.20510972049749,0.19180648775725903,560.0963912105683,18.071347154943766,56.06817752776995,9.035673577471883,29.903028014810637,4.819025907985004,26.165149512959307,4.216647669486878
143,125.01557044209781,34268.12563275874,2383.581453240372,8.841575566452676,3334.8145291571827,-0.0,141.51841286083015,0.4829480781872457,1.6711937545312587,5957.48319430746,312.1911093364167,1.7756475786821782,159.88357928084912,-0.0,6.8006948481202665,0.023208163805988002,-0.0,2439.7502173096195,82.08111499986505,0.7371351886358083,2588.405920300047,-0.0,110.20153452987655,0.3760755808279708,586.8758085970078,18.3548852348878,57.84139103181669,9.1774426174439,30.84874188363557,4.894636062636747,26.99264914818112,4.282806554807153
144,125.11416569006823,34214.808858762284,2382.5303917193924,8.83767679477441,3338.5506445574465,-0.0,141.69999918322912,0.4835677626767398,1.6718203365675253,5953.531381388752,312.1294706749655,1.775296996821626,159.95743927484847,-0.0,6.80422742911578,0.02322021915036571,-0.0,2438.782577491148,82.07501036101571,0.7370803655000632,1318.8349828633798,-0.0,56.1514599552459,0.1916234016803332,560.2220322303965,18.072698310905306,56.076562036546,9.036349155452653,29.907499752824535,4.819386216241415,26.169062283721473,4.216962939211238
145,342.22545009387346,24462.398279859008,1718.4882135957894,6.374501437704041,3639.1889220445137,-0.0,154.43426284048928,0.5270249216151416,837.9086206844911,2639.110746646666,176.8057681348114,1.0056171514715178,172.65470236106876,-0.0,7.3438795287877285,0.02506184483820167,373.48280315450984,678.6192859979453,33.70935496167653,0.3027292176587478,1462.93293049131,-0.0,62.28413112967175,0.21255185684012853,193.08452734809498,12.67122964519167,27.565946296112134,6.335614822595835,14.70183802459314,3.378994572051112,12.864108271518997,2.9566202505447228
146,346.89955361580473,23831.863570129924,1706.3115272078112,6.329333653443116,3677.1272673821672,-0.0,156.26889570325093,0.5332858200900366,846.1608862567098,2595.396933853658,176.6630299142605,1.0048053001146828,174.85863975641917,-0.0,7.448890749764562,0.02542020786908678,377.77243887797835,4488.819546331201,164.09207471734123,1.473640342856056,1482.1899660240251,-0.0,63.19809505795197,0.2156708652700031,281.80889807393083,14.37323428446447,35.46862815786898,7.186617142232235,18.91660168419678,3.832862475857192,16.55202647367219,3.353754666375043
147,345.07538321323585,24070.908634844058,1710.9360390682768,6.346487659662067,3676.3039632434434,-0.0,156.22928518483616,0.5331506445792481,845.4187292825429,2599.1434990359085,176.67367111425003,1.0048658240067172,174.7751077426626,-0.0,7.444923688281133,0.025406669809404356,377.55407722588126,668.1574459095383,33.807702769679615,0.30361243702052654,1473.6692628348865,-0.0,62.794291791728554,0.21429283955980724,191.7388474431143,12.641724111956655,27.43771864835516,6.320862055978328,14.633449945789419,3.3711264298551082,12.80426870256574,2.9497356261232195
148,347.9042352339626,23703.810487202212,1703.8296247211958,6.320127369196296,3685.2316797169865,-0.0,156.658392243999,0.5346150224320656,848.2903806794427,19301.186498910538,1065.276406494971,6.058966496005208,175.28259500926313,-0.0,7.469012474494972,0.025488875599963056,378.74201005538816,665.3172993038348,33.83753261426697,0.3038803260241897,1485.8703351636407,-0.0,63.37229019532317,0.2162653264791301,780.974021950954,20.18901512360528,69.97866429918135,10.09450756180264,37.321954292896706,5.383737366294741,32.65671000628463,4.710770195507899
149,342.1889123426891,24467.568208246925,1718.5877854727041,6.3748707862206775,3682.6898491868437,-0.0,156.5363128959863,0.5341984124283407,844.103841625377,2605.867080178772,176.69354175291346,1.0049788421240642,171.90451276746097,-0.0,7.307932622994405,0.0249391718324866,372.40215571405884,681.6022323779843,33.684341231400396,0.3025045801061802,1461.9331910441647,-0.0,62.23653094204285,0.21238941565193248,193.5233564636419,12.68082181254552,27.60769713796893,6.34041090627276,14.7241051402501,3.381552483345472,12.883591997718836,2.958858422927288
150,4823.500114654374,23586.072638946396,2005.0204446235955,7.437354301159824,3693.498383489013,-0.0,157.05494181113508,0.5359682940486904,850.276698482377,2575.2274286351003,176.6112218080282,1.0045106314465613,175.6792152480424,-0.0,7.48781939862541,0.025553056420548854,379.6381084736064,663.2335511684886,33.8603499683141,0.3040852388665619,1489.2683284300338,-0.0,63.533027058494824,0.21681385975895803,276.73377330957965,14.286428072551717,35.04150093073172,7.143214036275858,18.68880049639025,3.8097141526804577,16.35270043434147,3.3334998835954006
151,349.10058556174545,23554.522367517457,1700.931746347962,6.3093780782146505,3724.1682540958623,-0.0,158.52045429524208,0.5409695262095888,852.1810326212554,2566.2286441463257,176.59119679492937,1.0043967352946253,176.11976495447607,-0.0,7.508691997617092,0.02562428659735785,380.15704552973676,662.049185349664,33.87368436328142,0.30420498933230056,1491.3433052740006,-0.0,63.63114326500811,0.21714869274935636,189.9634002829946,12.602583462596819,27.268079192213545,6.301291731298409,14.542975569180554,3.3606889233591515,12.725103623032991,2.940602807939258
152,348.99191392560493,62536.30022937543,4474.88561552994,16.598987740550324,3693.9220660945784,-0.0,157.07524634858962,0.5360375856492949,850.4841479541302,2574.237191635412,176.60892269711812,1.004497554806649,175.71684436167493,-0.0,7.489602891967986,0.02555914279945069,379.7531631395908,662.9695658112041,33.863298809177216,0.304111721137982,1489.6967956826006,-0.0,63.55328947878987,0.21688300762984702,2089.870376947971,28.029115128860322,134.88204966312324,14.014557564430161,71.93709315366573,7.474430701029419,62.944956509457526,6.540126863400742
153,340.3268896348115,24736.393067750585,1723.7601733052893,6.394057064842971,3598.6019377151297,-0.0,152.44518410898863,0.5202369586121504,828.6323933890374,2694.380409509709,177.03940747375998,1.0069460205971335,171.54730076673712,-0.0,7.290770897148318,0.02488060544279783,370.96981032789535,685.7020040860775,33.65195468074477,0.3022137304250223,1456.52832988803,-0.0,61.97886061108075,0.21151008561544887,193.93317193548094,12.689766698303284,27.646659091290676,6.344883349151642,14.744884848688367,3.3839377862142093,12.901774242602315,2.960945562937433
154,348.81575247978395,23589.757108337526,1701.6161420675633,6.311916752302748,3693.352425390191,-0.0,157.04794649972135,0.5359444217331713,850.0751533316613,2576.1918437158474,176.6134834233002,1.0045234948227484,175.63996804466328,-0.0,7.4859590705411545,0.025546707834135776,2984.433959280144,663.381089306253,110.18377949952698,0.9895131308355604,1489.0265329815668,-0.0,63.52159191844335,0.21677483601074027,240.11970483743622,13.62632901530866,31.878151041809126,6.81316450765433,17.00168055563153,3.6336877374156424,14.87647048617759,3.1794767702386872
155,349.6038264292696,23492.732767033394,1699.730869644096,6.304923587218007,3708.6089611988323,-0.0,157.77801809376717,0.5384358761393924,9697.898646019736,2572.3730660651645,586.1527068237491,3.333857382492048,175.8370571382205,-0.0,7.495299694056592,0.025578583800553563,2986.069605779541,662.9035576535184,110.24488044888501,0.9900618521806703,1493.628353351667,-0.0,63.7391647386039,0.2175173286181556,475.8440831567675,17.11556191567324,50.29417699129743,8.55778095783662,26.82356106202529,4.56414984417953,23.47061592927213,3.9936311136570892
156,350.57150145332,23375.54949878375,1697.450956419981,6.296466555037059,7333.4901265617855,-0.0,312.32302005671306,1.065838707916819,9709.52960470357,2567.560014699474,586.8112806944907,3.3376031493124136,177.34314696474465,-0.0,7.566578388416207,0.025821830652753102,3000.569751025568,658.7820827041596,110.784621415749,0.9949090336477399,1500.0608470579166,-0.0,64.04312719992255,0.21855463594493627,545.1173220914336,17.908790868767582,55.06401970558647,8.954395434383791,29.367477176312786,4.775677565004688,25.69654252927369,4.178717869379103
157,350.8905682166365,23337.37309087682,1696.7074781089461,6.293708722003873,7347.422110488315,-0.0,312.9849857329307,1.0680977429405485,9726.05841099139,2560.8194241909755,587.7444530482763,3.342910748346911,503.4060886601796,-0.0,21.481865046552898,0.0733093682326196,3004.264686310703,657.7630608666826,110.9216306672418,0.9961394548042284,1501.7392941621508,-0.0,64.12241944343371,0.2188252299676132,552.5193817816969,17.989486899443694,55.56136861341548,8.994743449721847,29.632729927154923,4.797196506518318,25.928638686260562,4.197546943203529
158,350.9915304995885,23325.33996429079,1696.4730601360955,6.2928391799883165,7349.965395529891,-0.0,313.1057652462766,1.068509917106974,9729.187747084308,2559.5561478617897,587.9207741959295,3.3439136091252544,503.5537717571642,-0.0,21.488845713157264,0.07333319057101992,3005.3719332518194,657.4600941475773,110.96264780719802,0.9965078120956588,2999.5514120771895,-0.0,128.08189384506656,0.437094390988458,583.3732172361101,18.318297149813525,57.6110222315527,9.159148574906762,30.72587852349477,4.884879239950273,26.88514370805794,4.2742693349564895
159,352.01146518427817,23205.029350278677,1694.1272533786873,6.284137724587359,7370.614561505302,-0.0,314.08572695303485,1.0718541506480994,9755.002079054233,2549.287997947201,589.3711220842865,3.3521627444759754,504.8089080780183,-0.0,21.548161835161764,0.07353561375079204,3012.3959115824837,655.5635226944237,111.22242903525357,0.9988407955663035,1505.5975794405624,-0.0,64.30467087746855,0.21944718422808496,553.4856143906783,17.999967319884924,55.62612600514966,8.999983659942462,29.66726720274648,4.799991285302646,25.95885880240318,4.199992374639816
160,351.82446035464534,23226.919606532683,1694.5543468644692,6.285721970564499,7364.214967243309,-0.0,313.7821377220287,1.0708181170132611,9754.291110789865,2549.5672043596164,589.3312743517577,3.351936102756641,178.09758591188694,-0.0,7.602236793897086,0.025943519117526573,3012.52855377731,655.5281237182455,111.22732799992096,0.9988847910608116,1505.6992175542052,-0.0,64.30947164935023,0.21946356742167228,546.9787350051926,17.929152101901618,55.189299932867634,8.964576050950809,29.434293297529404,4.781107227173765,25.755006635338233,4.183468823777044
161,351.819566443045,23227.493482551912,1694.5655418747733,6.285763496953051,3756.7383777788828,-0.0,160.06900928222217,0.5462541505903383,9754.545200168102,2549.4673971132047,589.3455159537597,3.3520171046345135,178.10504220794945,-0.0,7.602589113441762,0.02594472144903644,3012.453141272565,655.5482476083122,111.22454276882392,0.998859778098328,1505.6716681427354,-0.0,64.30817038201647,0.21945912669523013,478.09001908766936,17.14244756763075,50.45230837803951,8.571223783815375,26.907897801621086,4.5713193513682,23.54441057641845,3.9999044324471753
162,351.82239855876213,23227.16137315275,1694.5590631895022,6.285739465139363,3752.4215260966284,-0.0,159.86412966383128,0.5455549750133841,855.3360068510792,2551.7577138775514,176.56319240715723,1.0042374548992106,178.03709039323485,-0.0,7.599378241880918,0.025933763975600523,3011.95746059822,655.6806433756834,111.20623366098899,0.998695351876076,1505.534509058012,-0.0,64.3016918085221,0.21943701780808778,239.7534308749077,13.619397043067583,31.845725250548362,6.809698521533791,16.98438680029246,3.6318392114846887,14.861338450255902,3.1778593100491026
163,350.38010600276857,23398.55903994862,1697.8988897092404,6.2981281034688665,3715.0879565172204,-0.0,158.0874156181433,0.5394917312523259,852.9032157660508,2562.86882331614,176.5842268547733,1.0043570924060499,176.2378343208128,-0.0,7.5142831562067585,0.025643367077707604,380.6170021825618,661.0128280971642,33.885575791281155,0.30431178113236007,1496.8107201963537,-0.0,63.88956419319297,0.2180305842863465,189.16685731905778,12.584943989435484,27.19179992211188,6.292471994717742,14.502293291792999,3.355985063849462,12.689506630318876,2.9364869308682797
164,733.3141722325025,20174.13709562517,1485.868351003476,5.511629270876367,4095.6579727073668,-0.0,174.1586433969273,0.5943366691863455,2365.082607023664,1295.5524986885025,178.5468088425597,1.0155196587007322,194.2472459529002,-0.0,8.279486038615445,0.028254711100100197,1118.6687244286857,169.4308394570167,38.59447082102366,0.3466003419788005,1676.4587261702932,-0.0,71.521374164165,0.2440750253174638,148.54492422610693,11.610623515739714,23.14442884808372,5.805311757869857,12.343695385644649,3.096166270863924,10.80073346243907,2.7091454870059333
165,739.7853164357898,53007.84856643521,3866.843052085474,14.34353543997745,4136.456862377218,-0.0,176.10694623777573,0.6009854797099614,2380.0132257040955,1283.0771799678737,179.28846756515833,1.0197379867555894,196.1393650733836,-0.0,8.369036578099807,0.028560312753413926,1127.45794777385,167.75103993110793,38.925514911334595,0.34957330656338886,1691.9381404132528,-0.0,72.25288514325325,0.24657139179290583,1462.2537793786362,24.883445876329063,106.30566905832686,12.441722938164531,56.69635683110765,6.635585567021083,49.6093122272192,5.806137371143448
166,729.4332961863861,54383.74418963707,3893.670644860583,14.443048795589725,4057.247507222104,-0.0,172.3104397534311,0.5880294588404881,2343.775764936646,11475.013706065274,713.5959210690188,4.058715419849649,193.19864100438133,-0.0,8.229737500969803,0.028084938417076852,1112.4937470764607,170.69227596505783,38.35950149590082,0.3444901835361631,1669.3759757169444,-0.0,71.18628467913301,0.24293149339433442,2450.835358925586,29.557950434441153,149.99749804461007,14.778975217220577,79.99866562379202,7.882120115850974,69.99883242081805,6.896855101369603
167,717.6177330280827,56124.96119439587,3927.3769380458293,14.568077767373858,4029.7633000572278,-0.0,170.97695932593618,0.5834788014614212,2321.1580729711404,1337.4281127219995,176.33587977884028,1.0029445701693,190.10765080955318,-0.0,8.082253200444734,0.027581631051897336,1095.5490485487726,174.54896972780568,37.70238918407186,0.3385889405043678,1644.3002787444386,-0.0,69.99602943923308,0.23886960866116366,1507.8264264970005,25.13931197883302,108.50310269127226,12.56965598941651,57.8683214353452,6.703816527688805,50.63478125592707,5.865839461727705
168,721.6713183957764,20793.061212322922,1497.262467091705,5.553894215617424,4025.2555314189485,-0.0,170.7572086845435,0.5827288767852211,2322.4671881258027,1336.0510287772613,176.402547618529,1.0033237564580157,191.449781000702,-0.0,8.146478386888141,0.02780080698623009,1101.9173936205964,173.0263223166858,37.95170043663795,0.34082789762854465,1653.8448446972034,-0.0,70.44998564622512,0.24041878712717416,149.0393665680972,11.623491510903914,23.19575898304475,5.811745755451957,12.371071457623867,3.099597736241044,10.824687525420885,2.7121480192109133
169,739.6970875642843,19861.77401624097,1480.1025143547208,5.490241673500792,4136.244414601218,-0.0,176.0968322755862,0.6009509646351838,2379.708241223989,1283.3242660380135,179.27335785250938,1.0196520473297783,196.11556063518282,-0.0,8.367911186818436,0.02855647222449928,1127.3196859278462,1054.6815096650646,69.58570863491667,0.6249193186647138,1691.7377818807608,-0.0,72.24342090791917,0.24653909398674967,164.6653876698906,12.016289355512576,24.789977776402953,6.008144677756288,13.221321480748239,3.204343828136687,11.56865629565471,2.803800849619601
170,738.5199785857822,19918.061898172564,1481.1424802255274,5.494099287353579,4135.315436397604,-0.0,176.0526032073873,0.6008000277849546,2379.092223500666,1283.824293485391,179.24283393013266,1.0194784365918708,196.0639649075749,-0.0,8.365471837931715,0.028548147662111563,1127.0588254083934,167.8245419841386,38.910561398874776,0.3494390154998737,1688.6832764261155,-0.0,72.0991287922321,0.2460466803243863,148.42957416901973,11.607617392825164,23.132445686123532,5.803808696412582,12.337304365932548,3.09536463808671,10.795141320190982,2.7084440583258718
171,7410.27507315368,19834.059894913993,1932.9899433889914,7.17016682204539,4138.6206346701665,-0.0,176.20994036762033,0.6013369591822612,2381.304490478455,1282.0345019181045,179.35242274176605,1.0201017442460862,196.24120384655785,-0.0,8.373850900898123,0.028576742191083686,1128.0991693281828,167.63348664311533,38.94952397312444,0.34978892162041453,1692.8620571870451,-0.0,72.29652708760848,0.24672032501458802,267.4607112452964,14.125037271449735,34.25425977054003,7.062518635724867,18.268938544288016,3.7666766057199292,15.985321226252012,3.295842030004938
172,740.8510381979512,19807.15094847376,1479.0928650336473,5.4864965148212965,4190.2595259589025,-0.0,178.66066755117487,0.6097003513340854,2389.9099298438496,1275.2253120048665,179.7779504063567,1.0225220154988415,196.90316241530385,-0.0,8.405135354784207,0.028683504036245693,1130.2321802281413,167.2471246505183,39.02925962162638,0.3505049931832773,1695.6319692731975,-0.0,72.42736138211743,0.24716681229364065,148.81328778581363,11.61761128675108,23.172295850432505,5.80880564337554,12.358557786897338,3.098029676466955,10.81373806353517,2.710775966908585
173,740.2903333627261,19833.623951968337,1479.5822458761008,5.488311807390151,4138.776148507363,-0.0,176.2173415980084,0.601362216743591,2381.2026139073414,1282.116563508955,179.3473779039268,1.0200730507508964,196.23311082622965,-0.0,8.373468326900179,0.028575436612725807,4649.042440108758,167.63795646012613,142.41199425949426,1.2789408654188792,1692.8254252840247,-0.0,72.2947967692898,0.24671442010165284,208.31327989888933,12.995966695526842,28.99696614054573,6.497983347763421,15.465048608291054,3.4655911188071578,13.531917532254674,3.0323922289562635
174,742.835435735235,19714.482814854877,1477.3789466634173,5.480138964604366,4164.47067917611,-0.0,177.4383155584106,0.6055289326908141,2385.749780053501,1278.487155775787,179.5723835326553,1.0213528139725039,196.58251928495403,-0.0,8.389983392015386,0.02863179619730065,1129.1783139238548,167.43712324777727,38.989889005951966,0.35015142261820986,1700.3749353961168,-0.0,72.65138712203021,0.24793132624181327,148.1606478075928,11.600602884487513,23.104496159569486,5.800301442243756,12.322397951770393,3.0934941025300033,10.782098207799093,2.706807339713753
175,740.3081755100304,19832.779571767034,1479.5666382586207,5.488253913027375,4138.660361293468,-0.0,176.21183105537096,0.6013434113745743,14066.763091669076,1282.1314413313416,721.5134946251274,4.103748157469324,196.23176633979853,-0.0,8.37340476996474,0.028575219717275915,1128.077056176007,167.6375296753798,38.94869630182154,0.34978148866044567,1692.831223337419,-0.0,72.29507064208131,0.2467153547244744,405.5609979361091,16.2276263174602,45.211131765586664,8.1138131587301,24.112603608312888,4.327367017989387,21.098528157273776,3.786446140740713
176,745.3479864848579,19599.38643440677,1475.2482629757205,5.472235479364804,4200.5876171460795,-0.0,179.14953925871546,0.6113686830152006,2392.5189090275385,1273.2076198159364,179.90673409745062,1.0232544977586686,199.0149173388417,-0.0,8.504888890666741,0.029023924603951104,1139.056109519969,165.72203883364597,39.357128218846775,0.3534494400302799,1708.0778077853954,-0.0,73.01526647109604,0.24917310693148353,148.43495657159826,11.607757697556583,23.133004907035872,5.803878848778291,12.3376026170858,3.0954020526817554,10.795402289950076,2.708476796096536
177,740.2414801423685,19835.936601766774,1479.624992607979,5.488470370656201,8050.092042131237,-0.0,342.7468741404708,1.1696636559484883,2380.9402513748287,1282.3280557891408,179.3343851439975,1.0199991519049045,196.21249795230716,-0.0,8.37249390154983,0.028572111272646205,1127.9770706656607,167.65582011665327,38.94495368176737,0.34974787779953537,1692.6863422497613,-0.0,72.2882271294061,0.24669200043984293,183.35504240550517,12.454717752032428,26.631961975139436,6.227358876016214,14.2037130534077,3.3212580672086474,12.428248921731738,2.9061008088075666
178,740.3303576814793,19831.729982148598,1479.5472373792018,5.488181948068423,8068.602034284317,-0.0,343.6273028083955,1.1726682213937871,2383.3135495942543,1280.4232350072675,179.45187442671062,1.0206673950230833,559.7363016928985,-0.0,23.88663164821654,0.08151591454192873,1128.496900567611,167.56090044151236,38.964406928789046,0.34992257904370005,1693.321214789041,-0.0,72.31821540875679,0.24679433893833078,187.13063734504195,12.53962559551388,26.996317134899524,6.26981279775694,14.398035805279747,3.343900158803701,12.59828132961978,2.9259126389532386
179,740.443752466354,19826.367658136223,1479.4481162597847,5.487814271576241,8071.245303027362,-0.0,343.7529468097543,1.1730969961925242,2383.728607334939,1280.0920173189318,179.47241219724387,1.0207842075825326,559.8279597603731,-0.0,23.890963921702927,0.08153069893013756,1128.7908333086148,167.50741844383663,38.975401305532934,0.35002131481227544,3367.5209200063036,-0.0,143.82350281052786,0.49081446630417574,204.02131941421572,12.90609293309683,28.597295171054743,6.453046466548415,15.251890757895861,3.4416247821591543,13.34540441315888,3.0114216843892603
180,741.7220467754217,19766.28117533993,1478.3371352085965,5.483693236440804,8089.329062685461,-0.0,344.6120136321926,1.176028661850328,2387.0178670048444,1277.487022208724,179.635072483003,1.0217093695551775,560.5587460914464,-0.0,23.925501400426988,0.08164856210170678,1129.8067789285549,167.32361046614258,39.01337312374164,0.3503623233789617,1695.1506460785367,-0.0,72.40462687505983,0.247089228138547,187.1830885902836,12.540797072198288,27.001361469454594,6.270398536099144,14.400726117042446,3.34421255258621,12.600635352412146,2.926185983512934
181,741.0476715990515,19797.89754843274,1478.9217813544205,5.485861902869599,8076.531178664756,-0.0,344.0041439372087,1.1739542356675707,2386.6791088953532,1277.7536919831293,179.61832816957883,1.0216141330199302,196.65811009070515,-0.0,8.393555702923765,0.028643987124636616,1129.7667167074615,167.3308280446235,39.01187661070376,0.35034888383905693,1695.136896914443,-0.0,72.40397745439904,0.24708701191485058,183.64436521103795,12.461265231653467,26.659970327597488,6.2306326158267336,14.218650841385328,3.323004061774258,12.441319486212162,2.9076285540524758
182,740.9050107032934,19804.609480646723,1479.0458778030563,5.486322221994273,4150.603114871699,-0.0,176.77979035295854,0.603281638674567,2386.4025294756984,1277.9716885003475,179.60465591957959,1.0215363694421717,196.63686395888422,-0.0,8.392551659923264,0.02864056071087387,1129.5161057040739,167.37603478966915,39.00251353734024,0.3502647981044755,1694.7864877436116,-0.0,72.3874263810803,0.24703052944808435,148.35274055162668,11.605614177561666,23.124462089119675,5.802807088780833,12.333046447530496,3.0948304473497776,10.791415641589182,2.7079766414310553
183,2519.473870993437,15975.968530490658,1322.5956053703603,4.905990929256069,4463.799392282929,-0.0,190.05591445913507,0.6485879595499896,5999.742695969893,730.9858194350517,317.63627523858975,1.8066180174953395,206.75460230643944,-0.0,8.822468215478294,0.030107701064478336,3250.07646666611,29.798007094827458,96.53519423567502,0.866941057185026,1871.1910870623751,-0.0,79.9124413477548,0.2727105200798305,198.8648830694916,12.796434276946098,28.113396834745963,6.398217138473049,14.993811645197837,3.4123824738522925,13.119585189548117,2.9858346646207563
184,2552.412018867017,48288.35847509899,3710.565622712352,13.763845285376261,4559.936805468758,-0.0,194.61200993566868,0.6641361663871688,6070.675015364636,718.7680777650994,321.784806191862,1.8302135931602697,210.05807571138845,-0.0,8.978532640464625,0.030640289104415346,3290.669463748827,29.36680724911709,98.07832358439815,0.8807992381266755,1898.0325077716977,-0.0,81.18058809636517,0.27703821866491196,1700.9941227944805,26.170009186229557,117.58261977729549,13.085004593114778,62.710730547890925,6.978669116327882,54.871889229404566,6.106335476786897
185,2502.571192854372,49980.90532091412,3740.772729983296,13.875894496539955,4426.7646393947225,-0.0,188.28896068894431,0.6425580238666484,5947.361218498596,7505.465368662527,674.395055580666,3.835752882464796,205.42353805140564,-0.0,8.759505655738895,0.02989283399093508,3229.2737765279535,30.040211035514034,95.7321310179362,0.8597290918444558,1860.8353462470338,-0.0,79.42319434237785,0.27104090765110705,2380.4651885927556,29.272302354536848,147.112354629504,14.636151177268424,78.45992246906881,7.805947294543159,68.65243216043521,6.8302038827252645
186,2493.5081975286093,50312.63079961351,3746.6872636826643,13.897833665672271,4430.213405067221,-0.0,188.45391386890626,0.6431209458189447,5943.250686261445,7513.7828953324415,674.2628954963548,3.835001196312668,204.2865272486901,-0.0,8.705634788504911,0.029708993377724438,3216.207326679286,543.7504903022282,112.79464743204814,1.012960212736742,1853.2245017989876,-0.0,79.06342171619855,0.2698131416319351,2444.549086654336,29.53265723332543,149.74089746334727,14.766328616662715,79.86181198045186,7.875375262220115,69.87908548289539,6.8909533544426
187,2479.70750523741,50833.4558675569,3755.9717100236403,13.932273073566144,4411.845107347026,-0.0,187.57424826636722,0.6401189844232115,5919.624954469939,7562.766398848921,673.5108509173309,3.8307237966818994,203.50345117958173,-0.0,8.668468709006108,0.02958215979964189,3201.7560670203443,30.385478622290442,94.65472141497786,0.8500533396215962,1844.4481945496327,-0.0,78.64819210077401,0.2683961221733229,2393.7661420424333,29.326721214398717,147.65984338047764,14.663360607199358,78.75191646958808,7.820458990506324,68.90792691088957,6.842901616693034
188,2479.7175443044434,50833.06987856376,3755.9648296674086,13.932247551807926,4410.919901302356,-0.0,187.5298639290949,0.639967517699172,5918.344308468873,746.8870483679804,312.7336797128371,1.7787335530944652,203.4570953023292,-0.0,8.666266645132477,0.029574645000017472,3200.956076389617,30.395970547809718,94.62311569828361,0.849769502274389,1844.663291042665,-0.0,78.65837474474533,0.26843087163268586,1716.2639571008328,26.24808546226298,118.28526436201574,13.12404273113149,63.085474326408395,6.999489456603461,55.19979003560735,6.124553274528029
189,2487.2824935357035,16352.007391775616,1327.481443467456,4.924114290084456,4405.85460239528,-0.0,187.28673232403045,0.6391378027593365,5914.573294083902,747.6796241289161,312.5021924431991,1.7774169242811004,204.30972781518824,-0.0,8.706735045585694,0.029712748133250123,3211.289550410171,30.262474148339777,95.03009005148236,0.8534243638904329,1850.7725829653155,-0.0,78.94746069509344,0.2694174111318876,196.23778326153962,12.739835310420697,27.86525422937994,6.369917655210348,14.861468922335966,3.397289416112186,13.003785307043971,2.9726282390981624
190,2554.3172267786144,15602.282259142072,1317.8707747514584,4.8884648040636955,4562.270254183358,-0.0,194.72228607156208,0.6645124965538448,30119.2039144198,718.1520807294563,1441.9644494527383,8.201452913437805,210.1879321665069,-0.0,8.984667661089583,0.030661225577348922,3292.794103193316,29.345629875635815,98.1583194564731,0.8815176466455188,1899.2309560310957,-0.0,81.23725258067203,0.27723159282198634,1068.9358710695076,22.415761018650297,86.26653563911863,11.207880509325149,46.008819007529944,5.977536271640079,40.2577166315887,5.2303442376850695
191,2570.1196651153837,15443.025785320471,1315.9002910767567,4.88115555927634,4632.195108285172,-0.0,198.02552800711592,0.6757851946594409,30241.473099959352,714.23568803612,1449.2388794897565,8.242827647359535,213.6390416865139,-0.0,9.147932861944417,0.031218387104204343,9931.495243066805,29.011512908115606,294.8196176214162,2.6476481764320186,1915.6889291079806,-0.0,82.01615467699942,0.2798896870085517,1507.5520398191431,25.137786977760136,108.48993905900065,12.568893488880068,57.861300831467005,6.703409860736036,50.628638227533656,5.865483628144032
192,22384.048885865723,15311.083625355994,2667.298982660128,9.893987671976415,4659.369909247994,-0.0,199.3100089202329,0.6801686354846859,30365.252837689844,710.4173234697402,1456.5436174887805,8.284374763702614,214.05951568966066,-0.0,9.167867950957186,0.03128641791894134,9956.163181975171,28.938236792629688,295.7350483774702,2.6558692663020578,1926.6529777462604,-0.0,82.53604450997572,0.2816638716579507,3330.949431499957,32.741025940564,184.04327410142406,16.370512970282,98.15641285409288,8.730940250817067,85.88686124733123,7.639572719464933
193,2617.8292782498966,14996.524414315767,1310.5287738279317,4.861230636804138,4763.5914715645295,-0.0,204.25330666412168,0.6970382151885381,30952.971035766313,694.0789398246568,1490.527141850109,8.477662659938808,217.12674968602616,-0.0,9.313723033027955,0.03178416538625637,10098.165072459826,28.54841392568205,300.95915953254445,2.702784761562525,1950.008317406731,-0.0,83.64715864704908,0.28545567815364653,1589.253493769822,25.583934175550866,112.37508675797001,12.791967087775433,59.93337960425067,6.822382446813564,52.44170715371934,5.969584640961869
194,2615.343996239064,15018.597899735027,1310.7886407147905,4.862194578151415,4707.729775687966,-0.0,201.59950867668195,0.6879818202500818,30756.04666080764,699.2458962510074,1479.2572782634531,8.413563121575082,216.60199182090219,-0.0,9.288707859781885,0.03169879819197762,3376.55411213674,28.606207448406646,101.26353503479838,0.9094042521221553,1948.2702010217317,-0.0,83.56426939622746,0.28517280892428304,1122.6376566320685,22.78502306882249,89.13213866495668,11.392511534411245,47.53714062131024,6.076006151685998,41.59499804364644,5.316505382725247
195,2607.1574857930937,15092.191359054734,1311.6595011682214,4.865424918149394,4688.482420923734,-0.0,200.68757797070583,0.6848697504282968,6188.541669163493,701.1882175091869,328.48577049704505,1.86832662933425,216.5582483657935,-0.0,9.286623871205123,0.03169168633806571,3375.2518472218117,28.61640300874007,101.21587342015691,0.9089762236615344,1941.0170457604036,-0.0,83.21873994046939,0.28399364938424815,206.82409964189054,12.964924285943685,28.85860618931359,6.482462142971842,15.391256634300582,3.457313142918316,13.467349555013007,3.0251490000535264
196,2556.0984338201833,15584.02710815067,1317.6435419150857,4.887621914347786,8836.22035586865,-0.0,377.1777595683766,1.287163065470871,6079.763785557702,717.298812526826,322.309384088204,1.8331972318470013,210.34195098332137,-0.0,8.991944659900339,0.03068605918394173,3295.22591243306,29.32155154981622,98.24979431537028,0.8823391430076079,1900.452855367167,-0.0,81.29503219573557,0.277428772492739,249.29120932197608,13.797654279524922,32.68480510913303,6.898827139762461,17.431896058204284,3.679374474539979,15.25290905092875,3.219452665222482
197,2556.1344636069375,15583.6586591821,1317.638959184208,4.887604915322517,8848.448990751062,-0.0,377.75554306976426,1.2891348190113654,6086.043173867396,716.2956347789224,322.670965355775,1.8352537955448722,615.5040584286246,-0.0,26.314135127916632,0.08980005309757319,3296.4536494719746,29.309459976230293,98.2959421684265,0.882753577026539,1900.7369249213145,-0.0,81.30846586191532,0.2774746164443024,254.49681890599985,13.893032664670752,33.13824432429653,6.946516332335376,17.67373030629148,3.704808710578867,15.464514018005042,3.241707621756509
198,2557.7808889242237,15566.856111519295,1317.430121678656,4.886830260617959,8854.410809130835,-0.0,378.0372023660177,1.2900960141878755,6092.022018442065,715.3493881391302,323.01461099271063,1.8372083468594385,210.6702195579233,-0.0,9.007456335218736,0.030738994583887545,3299.3385827014326,29.28121690518376,98.40428984405199,0.8837266008982366,1902.2773907071808,-0.0,81.3813210487883,0.2777232432609476,249.93302967771234,13.809485190612518,32.74088084505287,6.904742595306259,17.46180311736153,3.682529384163338,15.27907772769134,3.222213211142921
199,2557.5459375377523,15569.249816709322,1317.4598547819455,4.886940551574957,4575.142387699746,-0.0,195.3304917847861,0.6665880694380101,6092.0555497689875,715.3441055821438,323.0165365597493,1.8372192988960196,210.67740121996928,-0.0,9.007795720811304,0.030740152776778364,3298.805736534129,29.286415542029335,98.38428755413621,0.8835469689359976,1902.0216747455559,-0.0,81.36922638163821,0.2776819687996364,202.50667574281078,12.874075515632102,28.455582908687344,6.437037757816051,15.176310884633251,3.4330868041685605,13.279272024054094,3.0039509536474904
200,2555.3608684077876,15591.576685194963,1317.7374739664444,4.887970342688286,4564.851401398963,-0.0,194.84425978947903,0.6649287460825565,6077.536007667994,717.657047111345,322.1809384286065,1.832466672206974,210.2763329205495,-0.0,8.988844311712178,0.030675478884396857,3294.1988598850076,29.331699965800013,98.21117191764647,0.8819922918661273,3727.0039736191547,-0.0,159.42418914252625,0.5440536267083412,221.42636956485478,13.263130737655022,30.201428360747222,6.631565368827511,16.107428459065186,3.5368348633746725,14.09399990168204,3.0947305054528385
201,2558.629414037437,15558.222552218109,1317.322931024498,4.886432651269445,4572.684317406734,-0.0,195.21436172289782,0.6661917620665879,6081.148899463155,717.0766990387965,322.389200934724,1.833651205666315,210.36287415296874,-0.0,8.992933265914546,0.030689432917189542,3295.0469594086453,29.323317616663722,98.24306594272537,0.8822787183869283,1900.208390167742,-0.0,81.28347171171401,0.2773893209936142,202.076336106014,12.864949636950119,28.41525532813812,6.432474818475059,15.154802841673664,3.4306532365200315,13.260452486464457,3.001821581955028
202,3689.05754750165,14865.892612788404,1341.8396070126064,4.977373971144379,4871.357085545669,-0.0,207.92701900412746,0.7095751867285124,7161.332786492501,719.8850606835668,372.7922896084681,2.120328563493292,226.87566737904035,-0.0,9.698442014064822,0.03309706374893533,4094.580470249129,1.4151134842223787,120.8447357641259,1.0852545934991236,2029.3953006392746,-0.0,86.80834726826207,0.29624360276741074,251.20158383271558,13.832809472072482,32.85157323075574,6.916404736036241,17.520839056403062,3.688749192552662,15.330734174352678,3.227655543483579
203,2373.1230168877696,16443.171091953005,1373.7955759825852,5.095910350114431,4968.7065649853175,-0.0,212.24216761190152,0.7243011342931325,5821.0303840539145,869.6619696161749,319.03317423816776,1.8145631519084764,231.67134578646105,-0.0,9.908399172463128,0.033813567022963946,3085.887087325298,9.21300715890494,91.45759977734039,0.8213413653574139,2066.903675586956,-0.0,88.45264521200971,0.30185496114719346,217.668744543882,13.187676794765416,29.85877400533025,6.593838397382708,15.924679469509467,3.516713811937444,13.934094535820785,3.077124585445264
204,743.4369197281126,21018.042070419808,1588.4907940009468,5.892293453064321,4839.777885100932,-0.0,206.5176403882785,0.7047655179355772,2581.31460070837,1562.1074995968863,205.05365979003722,1.1662825225229005,234.2782874507225,-0.0,10.012361055295225,0.03416834906512735,1362.9506991082953,188.6483969627153,46.788426678235844,0.42018673510332755,1986.8041369774007,-0.0,84.96682733141498,0.28995920134949493,197.23986421314385,12.761483668561123,27.960035601089785,6.3807418342805615,14.912018987247885,3.4030623116162992,13.0480166138419,2.9776795226642623
205,321.8838892784469,24168.562990983286,1756.9698602854967,6.517243942545251,4366.1596509767805,-0.0,185.85611085622153,0.6342556402581842,660.4267368548287,2658.083480039899,172.96658777916076,0.9837810674231113,206.0375347716132,-0.0,8.788970198980367,0.029993385178907553,224.58794229742566,630.5619712679377,28.34153821562032,0.2545231642971054,1808.95859443581,-0.0,77.23129962531,0.2635608114586936,209.71431995403614,13.025037016741877,29.126836265154456,6.512518508370938,15.534312674749044,3.4733432044645003,13.592523590405417,3.039175303906438
206,203.12153776211136,29668.82118397967,2108.6230670423747,7.8216543273884325,3956.0792849761506,-0.0,168.11495689113184,0.5737118845796212,136.02086480714723,4992.110196794971,270.6642962066079,1.5394557622622127,191.07962274715538,-0.0,8.138963351960767,0.02777516105364565,48.69230605460172,1742.3795941876554,60.7840223647702,0.5458751601019521,1600.1191667912844,-0.0,68.2208434984139,0.23281157973607436,396.9479362028626,16.111925812682905,44.568733090189625,8.055962906341453,23.769990981434454,4.2965135500487746,20.798742108755153,3.759449356292678
207,63.34234192100396,39827.530075248025,2753.572742134599,10.21400860633908,3558.458488037366,-0.0,150.96261572287997,0.5151775211977662,0.29901150329508003,8318.777378493425,434.03067781626396,2.4686337922190607,174.58692254512044,-0.0,7.4234296078676465,0.02533331875480834,-0.0,3423.1104529027352,114.71477798767287,1.0302040793597547,1402.0479074172592,-0.0,59.6737374923267,0.20364358430524807,967.8311353128959,21.685501353263575,80.73731759191723,10.842750676631788,43.059902715689184,5.7828003608702865,37.67741487622805,5.059950315761501
208,48.078231456506,42688.81828660038,2857.0204921725976,10.597734154252308,3201.471847597764,-0.0,135.4562222185187,0.4622601460579604,-0.0,9105.79124309425,464.1481876175276,2.6399329796565945,151.48013972620157,-0.0,6.424480495967789,0.02192428848061126,-0.0,4387.790431457637,143.5279557707836,1.2889628357483018,1259.4637341233265,-0.0,53.47279161315373,0.18248213375792785,1123.3653085793655,22.789944806930556,89.17064926218951,11.394972403465278,47.55767960650108,6.077318615181482,41.612969655688445,5.317653788283796
209,31.814442740311996,45500.58836379717,3008.2222165420876,11.15859666221208,3182.843739214501,-0.0,134.53393795450916,0.45911274351265513,-0.0,9301.848411428367,470.12318402835587,2.6739169324093592,157.35350044590652,-0.0,6.667370787005072,0.022753179908203466,-0.0,4102.443678692685,133.04171291116788,1.1947903990262074,1221.4854672918768,-0.0,51.810926381441504,0.17681082496045783,1236.2320462667124,23.528971113043443,95.04762186284539,11.764485556521722,50.69206499351753,6.274392296811585,44.35555686932785,5.490093259710137
210,133.40190393534553,37613.652342936795,2471.855072830787,9.169014713569686,3257.2619926733823,-0.0,137.54454532782887,0.4693867920673895,3.1858909102997637,6468.4621287939835,324.53895841693327,1.845878368945092,155.88085045160375,-0.0,6.599387408552083,0.022521178705612006,-0.0,2623.118804716348,84.42718478680662,0.7582042322879661,1280.0561914998702,-0.0,54.255030836685336,0.1851516162800275,618.1436878516423,18.67523535278366,59.878036318526625,9.33761767639183,31.934952703214204,4.980062760742309,27.94308361531242,4.35755491564952
211,341.9242475175487,26320.927841680164,1775.857476623599,6.587305020968425,3582.273488915178,-0.0,151.50113216791652,0.5170152713317957,867.3086880325965,2856.1216701215553,184.39537123959985,1.0487844934397803,169.90641447051956,-0.0,7.203804239211811,0.024583821586423558,387.72785453767443,729.8820621504951,34.97329813329971,0.31408014762894765,1433.932649658992,-0.0,60.86403449089291,0.20770561154473463,210.88418097738563,13.049211549750162,29.235055703767035,6.524605774875081,15.592029708675746,3.479789746600043,13.643025995091282,3.044816028275038
212,729.7715546089386,21597.104747117948,1529.443091811717,5.673263924947406,4030.0705101173144,-0.0,170.8650698226957,0.5830969654906316,2375.3899575300193,1407.040517472117,181.62088153081922,1.033004044265726,191.05997514233675,-0.0,8.1202198170964,0.027711196556318485,1113.928684879385,180.75440486814034,38.36550246333975,0.34454407564356326,1642.3845305676025,-0.0,69.874766175562,0.2384557836403711,157.92786755569207,11.850113985816026,24.1090688751861,5.925056992908013,12.85817006676592,3.160030396217607,11.25089880842018,2.765026596690406
213,2661.1813848056163,17152.485827179968,1372.8247380912403,5.092309157225707,4391.463921303715,-0.0,186.47639884540118,0.6363724453172653,6189.225353705725,780.6175055100199,325.2701411550064,1.8500371128029598,203.47320186387194,-0.0,8.659496048258799,0.029551539549057256,3255.480691689206,32.03742547096778,95.95162973075333,0.8617003153722799,1833.9917716481616,-0.0,78.12336970772948,0.26660510458778974,213.59382551691428,13.104863512282588,29.484949360330653,6.552431756141294,15.725306325509681,3.4946302699420233,13.759643034820973,3.0578014861992706
214,3591.8296569357185,15582.405316588834,1348.2764145666931,5.00125044506089,4766.626800106259,-0.0,202.96499470338009,0.6926417004667567,6988.6581517426075,746.5756030922887,362.4992901730298,2.061785129749258,221.63672723572108,-0.0,9.450854501970674,0.03225214250701456,3996.467269402866,1.4575942065112732,117.07862928819479,1.0514328111370956,1982.5775457846717,-0.0,84.59624855266348,0.28869455807518823,243.61272215314818,13.692085180494303,32.186560256302464,6.846042590247151,17.16616547002798,3.6512227147984806,15.020394786274487,3.1948198754486707
215,2310.4148920651714,17226.104326258403,1384.5093757682494,5.135651752817501,4859.45761271688,-0.0,207.0747857823282,0.7066668415293613,5679.654584437015,901.1498832636221,310.84893394524426,1.7680136954221206,226.27724360632612,-0.0,9.65353131796764,0.03294380076405778,3011.426537519464,9.483605229891367,88.61821868664912,0.7958421050720352,2019.0366173020627,-0.0,86.19055101218515,0.29413530103796,213.35025401405696,13.099880244964552,29.4625296764854,6.549940122482276,15.713349160792212,3.493301398657214,13.749180515693183,3.056638723825062
216,723.8982622504518,22035.52691972452,1607.4416599134959,5.962589147296935,4735.145704624423,-0.0,201.55549921596912,0.6878316328359944,2519.608691730173,1620.2542105288592,202.11555391928354,1.1495714746445518,228.86404791679246,-0.0,9.756426774641579,0.033294943502662024,1330.3834392837953,194.38206462755014,45.56628648621834,0.4092112197124401,1941.0271952808241,-0.0,82.80388983862674,0.28257792505996737,198.4539719424169,12.787614514578827,28.074656663096505,6.393807257289414,14.973150220318136,3.4100305372210205,13.101506442778371,2.983776720068393
217,313.6109873939027,25379.80018726975,1780.519616342434,6.6045986026790064,4276.757081886488,-0.0,181.56366255297755,0.6196071601285461,645.3629300621155,2762.706473107379,173.62157284057943,0.9875064221933131,201.41888842932107,-0.0,8.569630554417849,0.02924486307729301,219.40232316139372,651.225487568697,28.261004415767083,0.2537999248802618,1768.2102066845268,-0.0,75.30158756064925,0.2569754441256163,214.70742185208783,13.127598625626058,29.58734266514639,6.563799312813029,15.779916088078068,3.5006929668336153,13.807426577068318,3.063106345979414
218,198.09149189478862,31173.348899610013,2138.099309860194,7.930992494932301,3879.512673217359,-0.0,164.38994504191993,0.5609998474854042,133.08008341453964,5193.255787987092,273.6093398246541,1.5562062699259722,186.97939525063308,-0.0,7.9428467766578885,0.027105890382582296,47.61871375448072,1801.7844422535436,61.11666540924476,0.548862484206133,1565.4154943351657,-0.0,66.5693512679759,0.22717567001445005,409.2751701274485,16.277013985420265,45.48674449131184,8.138506992710132,24.259597062032977,4.340537062778737,21.227147429278855,3.797969929931395
219,61.871217032335025,41853.42912563392,2793.417948152311,10.361809051542052,3493.7554957108855,-0.0,147.76313262199528,0.5042589122088117,0.2930838019188763,8658.970518540493,439.3643793729628,2.4989702559149567,171.0821957060879,-0.0,7.253721638723906,0.024754170530247418,-0.0,3543.831107344612,115.52150435750494,1.0374489418936592,1373.444083520402,-0.0,58.299160632979444,0.1989526805626005,1002.2105145160313,21.93929101897849,82.63814501419812,10.969645509489245,44.073677340905654,5.850477605060931,38.564467673292455,5.1191679044283145
220,47.06348944479586,44871.9577400118,2899.71217259141,10.756093214299797,3148.1946380278187,-0.0,132.7390578715393,0.45298750603207855,-0.0,9487.558446937815,470.18537376018645,2.674270648589742,148.70466502468315,-0.0,6.286774441450746,0.021454350519611406,-0.0,4549.649094089186,144.68288060513495,1.2993347189230269,1235.859181411035,-0.0,52.31471978180724,0.17853007865749665,1165.8969838705054,23.07400577553263,91.40740420854634,11.537002887766315,48.750615577891374,6.153068206808701,42.656788630654965,5.383934680957614
221,31.179584689273337,47784.83758881099,3052.863774493398,11.324188531327401,3132.522362623471,-0.0,131.9355488971257,0.45024543800605527,-0.0,9687.23160707388,476.24018819697403,2.7087085818701104,154.61292735277402,-0.0,6.530025527190258,0.022284473201176425,-0.0,4252.845062370735,134.13658811810507,1.2046230023259998,1199.7190169991243,-0.0,50.73290795902532,0.173131961448412,1283.4457053408937,23.824772982268733,97.45248640410095,11.912386491134367,51.97465941552051,6.353272795271662,45.47782698858044,5.559113695862704
222,130.87045655641708,39461.61432370897,2507.747645853788,9.302153397052,3208.3448872203758,-0.0,134.98649188386042,0.46065713654277773,3.138193519797032,6732.165997608878,328.7359278799457,1.8697494480435373,153.2983032017215,-0.0,6.468717651365565,0.02207525292934936,-0.0,2718.1870617550167,85.13079767130833,0.7645230769618551,1258.2680288825131,-0.0,53.167550007342356,0.18144046120147853,640.8236245166976,18.9008981590965,61.333855566093,9.45044907954825,32.7113896352496,5.0402395090924,28.6224659308434,4.41020957045585
223,335.2441176390535,27574.55927838816,1799.7964663708237,6.676103491248047,3527.3252179807905,-0.0,148.68709381362578,0.5074120374650735,853.6215123337902,2967.9289692283487,185.09728719910464,1.0527767768093557,167.0259940385573,-0.0,7.0605902458408085,0.024095087142121503,381.19378016654326,755.0420054506773,34.85774977776375,0.3130424575481697,1409.0213861449743,-0.0,59.6398566642889,0.2035279620306799,216.56935223469316,13.165436718365171,29.758149539123906,6.582718359182586,15.871013087532749,3.510783124897379,13.887136451591156,3.0719352342852067
224,714.6018998826918,22593.65254551035,1547.730794007987,5.741099702359288,3964.452524623587,-0.0,167.60369517590402,0.571967144387666,2334.1569487541315,1459.6927020373869,179.47318017699038,1.0207885756165238,187.61712635879138,-0.0,7.953068625591758,0.027140773633449355,1093.6647726074773,186.59083101118534,37.54029944596819,0.33713328228538303,1612.2476350171823,-0.0,68.42369562053398,0.233503836245695,159.82799436686486,11.897449971792007,24.302063794262345,5.948724985896003,12.961100690273254,3.172653325811202,11.340963103989095,2.7760716600848014
225,2604.198608474158,17931.3971033106,1383.2729304872037,5.131065324956482,4316.634727729663,-0.0,182.81571652203303,0.6238799402277456,6076.97096624649,809.1668928372768,317.8911767699892,1.8080678194707824,199.67475559418065,-0.0,8.47700665772031,0.028928773234282404,3193.96573287019,33.034684879436654,93.40425474784789,0.8388234363416621,1799.3396530600287,-0.0,76.46826218242151,0.26095685725105067,210.32091827789847,13.03758322722301,29.18297544029458,6.518791613611505,15.564253568157108,3.4766888605928026,13.618721872137472,3.0421027530187024
226,3511.950505534096,16276.184418380388,1355.2873626195576,5.027256616118148,4678.7212730685205,-0.0,198.75686303690213,0.6782809606873823,6853.421695149377,772.8445934218981,353.92909635811566,2.0130404876336145,217.3055367816662,-0.0,9.24500641494045,0.03154966191795134,3917.086773990624,1.500532856181262,113.89351009769682,1.022828625688115,1943.7051767603666,-0.0,82.753388002371,0.28240558165763835,237.83863565147573,13.583042900554275,31.675941099457734,6.791521450277138,16.893835253044127,3.62214477348114,14.782105846413613,3.1693766767959977
227,2258.7868364513533,17984.565685087073,1395.2762517487577,5.17559003454346,4768.540108903665,-0.0,202.74111627376647,0.6918776892321492,5568.216804713498,932.2552424653854,304.03944099626307,1.7292833815044288,221.8336426390958,-0.0,9.442744134569876,0.03222446493297718,2951.178643941054,9.75698059319621,86.22245385848213,0.7743267716297347,1979.3167389579824,-0.0,84.30992264779361,0.28771743755287066,210.26993473200585,13.036529669093431,29.178259118533923,6.518264834546716,15.561738196551424,3.476407911758248,13.616520921982504,3.0418569227884675
228,708.141836895439,23001.72462391017,1625.3298462679918,6.028942974301693,4649.95520014847,-0.0,197.4689474028909,0.673885798476761,2472.0597281313203,1676.462777003512,199.81971860817274,1.136513465337714,224.49648497807493,-0.0,9.548629281309207,0.03258581033738489,1304.5862606121611,200.04648811551564,44.56223704808721,0.40019428357581865,1903.8121357913162,-0.0,81.03836183014784,0.27655285495464366,200.10660009590464,12.823012780476025,28.230302527306744,6.411506390238013,15.056161347896932,3.419470074793607,13.174141179409814,2.992036315444406
229,307.1569030789878,26496.077218542287,1802.0226880891594,6.684361361992755,4206.484492233128,-0.0,178.11960384166574,0.6078539083631538,634.1824536298747,2860.5642562946978,174.370233710344,0.9917645763203708,197.81440500889926,-0.0,8.39616648719944,0.02865289673027033,215.4342869320362,670.9348954418164,28.225378561171283,0.2534799844037243,1736.1294181370706,-0.0,73.76735955527559,0.2517397122394418,219.61067452921114,13.226778660074574,30.03610086347434,6.613389330037287,16.019253793852982,3.5271409760198864,14.01684706962136,3.0862483540174006
230,194.234654396059,32538.36908471472,2164.6171501388585,8.029356865222312,3820.3565638290665,-0.0,161.43373494530562,0.5509114359775559,130.93934857472854,5378.208687687144,276.3627273531384,1.5718666963504107,183.8307239482449,-0.0,7.789404722329563,0.026582251488159115,46.81177489764005,1857.3673895663665,61.46286705411706,0.5519715722685867,1538.5260675416018,-0.0,65.27078427881712,0.22274415881294743,420.9356715156906,16.430149470179956,46.34665667246285,8.215074735089978,24.718216891980184,4.381373192047988,21.628439780482662,3.8337015430419896
231,60.7512408777168,43683.588550083296,2829.1771580035497,10.494453042233685,3444.0132254449004,-0.0,145.22077525747073,0.4955828213847169,0.28881088042107594,8969.961086852314,444.28721010334135,2.5269698119729074,168.40156415020937,-0.0,7.120619582508116,0.02429994425005728,-0.0,3655.8619032663514,116.3237078995954,1.044653186857,1351.3760304439163,-0.0,57.216330861188965,0.19525739776004092,1034.4165808932637,22.17182430668761,84.39918230645532,11.085912153343806,45.0128972301095,5.912486481783363,39.38628507634582,5.173425671560443
232,46.29470903249513,46850.3404261825,2938.295054277816,10.89921123677732,3107.303585834742,-0.0,130.56066303869366,0.4455534797680163,-0.0,9837.184282253895,475.78602737113323,2.7061254539506425,146.57931607023147,-0.0,6.177569689397761,0.021081676575163136,-0.0,4699.737632597458,145.81964147588272,1.3095434793534113,1217.635521050116,-0.0,51.393169354811576,0.1753851804165316,1205.9635668786839,23.335350760261626,93.4897607872483,11.667675380130813,49.8612057531991,6.222760202736434,43.62855503404921,5.444915177394379
233,30.691494447424233,49888.5771072604,3093.9170758833166,11.47647024420861,3093.261015496306,-0.0,129.81111190760888,0.4429955491712645,-0.0,10045.854189092837,482.0114959617295,2.7415340158810277,152.4773577488577,-0.0,6.418853299741831,0.02190508501762739,-0.0,4394.414506244459,135.2272078333388,1.2144173888851992,1182.6289311706457,-0.0,49.85772798853353,0.1701453077948508,1328.6398151018582,24.101201386437868,99.72700242248733,12.050600693218934,53.18773462532656,6.426987036383431,46.53926779716076,5.623613656835503
234,128.87874370428824,41205.23273422752,2541.614837235276,9.427779199105405,3169.26398685636,-0.0,132.83796358325415,0.45332503330099594,3.1031218170376933,6983.838337456521,332.8006609260007,1.8928684068331016,151.23210975445303,-0.0,6.3598294505705,0.021703659252963532,-0.0,2809.838985007044,85.84698121685902,0.7709548133356633,1240.7160340218718,-0.0,52.25961934164058,0.17834204198334364,663.1041409075651,19.11745973071721,62.747402168814176,9.558729865358606,33.4652811567009,5.09798926152459,29.282121012113276,4.460740603834016
235,329.83644640311314,28780.408330133723,1822.8247699067445,6.761523893224769,3482.273469738318,-0.0,146.27893683627926,0.49919392110359034,843.1781722743889,3076.8469069203293,185.92291572283582,1.057472699419613,164.6619918607862,-0.0,6.938971907392975,0.023680050387268496,376.0081848642592,779.8118483208904,34.79042330831667,0.3124378274848946,1388.445971314584,-0.0,58.59847644564012,0.19997413065925806,222.34383439128095,13.281423783419092,30.284795873405532,6.640711891709546,16.15189113248295,3.5417130089117577,14.132904740922584,3.098998882797788
236,702.0564537755713,23562.641871998254,1565.5411487891865,5.80716482358652,3909.6771175700737,-0.0,164.79084561513332,0.5623679674173876,2301.752182277868,1511.620275242922,177.71321999761105,1.0107784602172272,184.7432817725621,-0.0,7.810071479296532,0.02665277920506742,1077.2038909589326,192.41775483330616,36.8306974348547,0.3307606518414697,1586.936540030465,-0.0,67.17986863748632,0.22925913169512155,161.97454530830908,11.950475720944189,24.519170283620735,5.975237860472094,13.07689081793106,3.186793525585117,11.442279465689676,2.7884443348869774
237,2557.0021688914853,18686.31201365649,1393.8105547050388,5.170153228030325,4254.129556794806,-0.0,179.6749442146861,0.6131616886646182,5988.3254884910875,837.2582662449713,311.5689894353643,1.7721091508957443,196.50248997747454,-0.0,8.321616869971592,0.02839848747254929,3143.858066492811,34.029262535180685,91.20156009829486,0.8190419831290928,1770.233517211829,-0.0,75.05594723411414,0.2561371678813648,207.95455647810576,12.988502559110543,28.963667323855198,6.494251279555272,15.447289239389445,3.4636006824294783,13.516378084465758,3.0306505971257933
238,3446.127401935071,16941.62452252893,1362.6047014445437,5.054399302632384,4605.493522892002,-0.0,195.19215667459736,0.6661159847512127,6746.496071317756,798.4843495835725,346.66078136958066,1.971700534238004,213.7050026505364,-0.0,9.071772568490701,0.03095848122613447,3852.6018593522876,1.5430737557128962,111.17068194785101,0.9983760772320811,1911.2415558393336,-0.0,81.1992053737343,0.277101752293821,233.39812071221186,13.497978198560457,31.280438080932896,6.748989099280228,16.682900309830877,3.599460852949455,14.597537771102017,3.149528246330773
239,2216.623843376952,18703.61336021833,1405.789906307913,5.214589025384735,4693.426879014919,-0.0,199.11063421050625,0.6794882460501583,5480.710488528198,962.2732284627599,298.3500318085377,1.6969237615594854,218.1740952557415,-0.0,9.26733926463237,0.031625875370470506,2902.6461065384156,10.02485701838862,84.19764666160573,0.7561428491157305,1946.4563375478,-0.0,82.74130458530396,0.2823643455885468,208.1082292335756,12.99170115460369,28.9779344747684,6.495850577301845,15.45489838654315,3.4644536412276508,13.523036088225256,3.0313969360741946
240,695.3686069572313,23910.251522152572,1642.1135146483973,6.09119974008828,4580.191978112274,-0.0,194.0638516340071,0.6622655122936257,2435.1096793110664,1730.1079121443934,198.00093756243385,1.1261687948348165,220.93184928378457,-0.0,9.37687238494484,0.031999669909876356,1283.9827781095607,205.53609426785405,43.72590417496334,0.39268353777036136,1873.269825511777,-0.0,79.57463964018356,0.2715577323811702,202.0227551702063,12.863812480917195,28.41023219911675,6.431906240458598,15.15212383952893,3.430349994911252,13.258108359587814,3.0015562455473455
241,301.9791336118744,27536.399959180602,1821.9716414959876,6.758359327859764,4149.650279705591,-0.0,175.2608287418279,0.5980980051380804,625.6459384669711,2952.6498736077024,175.17150785570493,0.9963219786727152,194.91070518854903,-0.0,8.25375030020363,0.028166884893209804,212.30729919603698,689.7603371545861,28.21934782003468,0.2534258249115518,1710.0883425615157,-0.0,72.50251587519297,0.24742328576069164,224.42293881350446,13.32269296085402,30.47329530270582,6.66134648042701,16.252424161443102,3.5527181228944054,14.220871141262718,3.108628357532605
242,191.16233362145866,33803.091006372524,2189.0914464119023,8.120140983230822,3772.843568037373,-0.0,158.98274541517335,0.542547148537458,129.32369847199493,5550.703386403362,278.97286126828214,1.5867123400214063,181.3143346790312,-0.0,7.663813609881806,0.02615365717899533,46.181522351800865,1909.9505210311067,61.815619127056806,0.5551394869080082,1516.8487940976015,-0.0,64.20285327739965,0.21909971980077214,432.14294913444826,16.574690003516192,47.16569204724524,8.287345001758096,25.155035758530797,4.419917334270984,22.010656288714447,3.8674276674871115
243,59.86781715323977,45368.971406419994,2862.027708748258,10.616307752260093,3404.3669044087524,-0.0,143.11643513762323,0.4884015154600094,0.2856298172793553,9258.034049251199,448.89894995187683,2.553199978209768,166.27323347085414,-0.0,7.011736910600584,0.023928369441644566,-0.0,3760.9364607380294,117.1160057445667,1.051768473015206,1333.70633052967,-0.0,56.32676905660394,0.19222166442140043,1065.075123947158,22.388741629212184,86.05869399281181,11.194370814606092,45.897970129499626,5.970331101123249,40.16072386331217,5.224039713482843
244,45.70077564663048,48652.493509871645,2973.4627134321913,11.029660949534549,3075.272223568686,-0.0,128.7695147224798,0.4394409773764407,-0.0,10157.382239836263,480.9865866034686,2.7357046448133095,144.916072590509,-0.0,6.088655877195901,0.020778247827912998,-0.0,4838.642323275965,146.92154453186703,1.319439196742639,1203.256407291105,-0.0,50.64021176901367,0.17281562489604105,1243.7798763032656,23.576759461786335,95.43410553429656,11.788379730893167,50.8981896182915,6.287135856476356,44.53591591600506,5.5012438744168115
245,30.320790999574104,51778.006403145446,3130.8449837217468,11.613449363265193,3062.9767027242005,-0.0,128.08533325195828,0.4371061283653468,-0.0,10369.310871662194,487.2928238512875,2.7715725941712726,150.83165002417374,-0.0,6.329451515476054,0.02159999100883485,-0.0,4523.432965493186,136.26647328124724,1.2237505848583279,1169.34802880585,-0.0,49.15126842626321,0.16773443219910075,1370.6890547298474,24.352819640802114,101.82018615305113,12.176409820401057,54.304099281627266,6.49408523754723,47.51608687142386,5.682324582853827
246,127.39978553804586,42740.232258195174,2571.510036061208,9.538671427744907,3139.7774640460116,-0.0,131.1247801955719,0.447478595315028,3.0791404892021426,7206.020789909355,336.4440389408042,1.9135908270325777,149.67458166773758,-0.0,6.273930553063093,0.02141051925350352,-0.0,2891.60680291935,86.51425020073849,0.7769472690705009,1227.3627164403847,-0.0,51.54039215497393,0.17588759538124485,683.4458113254469,19.31097935069664,64.02417351882224,9.65548967534832,34.146225876705195,5.149594493519104,29.877947642117046,4.505895181829216
247,325.8496231863107,29823.661344555032,1842.7990314033393,6.83561573605487,3448.6221853373318,-0.0,144.39262678612835,0.49275666820363345,836.0249435091613,3171.144374026583,186.73452639555822,1.062088892779236,162.90436772467953,-0.0,6.844995980776513,0.023359346584577338,372.2777841323599,801.5231903802315,34.76190175524845,0.31218168768463533,1372.9927150036945,-0.0,57.78936902104163,0.19721295726946644,227.57737236672813,13.384822932864628,30.758180599516166,6.692411466432314,16.404362986408618,3.5692861154305673,14.353817613107545,3.1231253510017467
248,692.8272414223029,24388.7233744195,1580.7783304849431,5.863685104527478,3868.995815166514,-0.0,162.6234833263525,0.5549715909958151,2279.4290749717898,1555.7870789731162,176.44043321855096,1.003539238167565,182.62986518413578,-0.0,7.701848707560608,0.02628345638290321,1065.3771032722084,197.45188091205566,36.288599948878485,0.32589230748985204,1568.1033080636632,-0.0,66.23132344952178,0.2260221106860481,164.0208507357568,12.000590712374489,24.72524651225081,6.0002953561872445,13.186798139867097,3.200157523299864,11.53844837238371,2.8001378328873807
249,2522.2371843412293,19326.832393499713,1403.0373028338158,5.204378612148122,4207.677405240916,-0.0,177.26809675378425,0.6049480411806296,5926.9228790963525,861.0429971851651,306.7900060750802,1.7449277546981137,194.17049803326816,-0.0,8.204678532986335,0.027999421768152365,3107.762773122022,34.88550214333291,89.51172378380713,0.8038662900303135,1748.5921674926412,-0.0,73.98474689196493,0.2524815718628931,206.48823642476142,12.957902537532334,28.827355255056464,6.478951268766167,15.374589469363443,3.455440676675289,13.452765785693016,3.023510592090878
250,3397.161333939958,17508.038490434315,1369.2272363868715,5.078964707374254,4550.420927266094,-0.0,192.45530127765656,0.6567761467223,6670.951335074964,820.3527435266046,341.13029221574845,1.9402448028566595,211.02561271182958,-0.0,8.940730395920802,0.030511284538970167,3805.518828744687,1.579951142466787,109.07336411652932,0.9795409678987943,1886.866559685077,-0.0,80.01587045127205,0.27306348395048535,230.3341433904632,13.438652090012194,31.006075733768803,6.719326045006097,16.536573724676696,3.5836405573365853,14.469502009092105,3.135685487669512
251,2184.8372665465204,19322.077302296195,1415.0492925268038,5.248935476118357,4636.146410896149,-0.0,196.29244945259896,0.6698708620978217,5417.699322310275,988.2352671512415,293.9748255587691,1.6720389261131785,215.40671488510316,-0.0,9.132767737552298,0.03116663434968577,2866.658340217882,10.259976822727639,82.61877313877987,0.7419636651209438,1921.4283324021344,-0.0,81.53181634790738,0.2782368260097681,206.74726388677513,12.963318584714631,28.85145837588805,6.481659292357316,15.387444467140297,3.456884955923902,13.464013908747757,3.024774336433414
252,685.5763929167855,24705.067108302486,1656.8005536257992,6.145679340434893,4526.161626186592,-0.0,191.37053982119437,0.6530742718206558,2408.0219881997687,1777.4098432335259,196.63650874500013,1.1184083408900833,218.18223681839828,-0.0,9.242171997850937,0.031539989139275484,1268.431314478902,210.438364523486,43.065675211753515,0.3867543054330655,1849.5729565581275,-0.0,78.42286709272858,0.26762717432121497,203.95171776662139,12.904625133058781,28.590790844104806,6.452312566529391,15.248421783522566,3.441233368815675,13.342369060582245,3.0110791977137157
253,297.92978500757744,28468.109091247363,1839.8107724289202,6.8245311903606005,4104.811842432805,-0.0,172.93774009867758,0.5901701943819537,619.2692955276723,3036.027584099606,175.96611805690966,1.000841478548174,192.61440141929927,-0.0,8.138537249403646,0.02777370692900624,209.89837060659966,706.9637105286461,28.232932517581425,0.25354782323709474,1689.4044410178244,-0.0,71.47831829278464,0.2439280921381165,228.92488792216471,13.411188728392418,30.87947658290863,6.705594364196209,16.46905417755127,3.576316994237978,14.410422405357362,3.129277369958231
254,188.71083548567972,34962.641980194625,2211.508111428957,8.203292594192847,3734.577728963518,-0.0,156.93742496231323,0.5355672541052242,128.09283373707598,5711.083981436539,281.4382856253531,1.600734919970471,179.27385887180495,-0.0,7.559121498793116,0.025796383147796507,45.685806559137454,1959.1542435785661,62.16484452973559,0.5582757300387267,1499.2207644420112,-0.0,63.31358683943159,0.21606499443513763,442.7812057069586,16.709597813835302,47.93661636327935,8.354798906917651,25.56619539374898,4.455892750356081,22.370420969530358,3.8989061565615706
255,59.15148410562029,46949.03825252646,2892.8308651830357,10.730567927817804,3371.836794964569,-0.0,141.31586065532602,0.48225684517803286,0.28317775433157216,9532.401919778993,453.34497019345815,2.5784875819904016,164.50966269515342,-0.0,6.918406393113575,0.023609868172831592,-0.0,3861.4376722445845,117.9061718875169,1.0588646152744599,1319.0359388489953,-0.0,55.56602727517335,0.18962554442604723,1094.8006890316065,22.595118574289366,87.6525654092337,11.297559287144683,46.74803488492465,6.025364953143831,40.90453052430907,5.272194334000852
256,45.217594658228364,50369.02768048842,3007.0504753238465,11.154250245389898,3048.7944839760967,-0.0,127.20771834386733,0.4341111652034308,-0.0,10467.046038107968,486.0885550954368,2.764723081688505,143.52422924415373,-0.0,6.010898475389081,0.02051289163144147,-0.0,4973.397441559924,148.03263589474025,1.3294174303639112,1191.1946552407837,-0.0,49.98339470590887,0.17057416011464188,1281.1216097656716,23.81038346158774,97.33480460327038,11.90519173079387,51.91189578841086,6.34943558975673,45.422908814859525,5.55575614103714
257,30.016703596696004,53599.22135928077,3166.5626305724354,11.745939181583305,3037.6844985559533,-0.0,126.55983488476423,0.4319001873869198,-0.0,10685.965378387742,492.54036728077614,2.801419016782111,149.4384003404288,-0.0,6.250116274819085,0.02132925025338641,-0.0,4650.060642995339,137.32545536469948,1.2332608474546485,1158.0816406573852,-0.0,48.52611957767369,0.16560103889073896,1412.7092088970708,24.599174283526665,103.8906446033559,12.299587141763332,55.408343788456484,6.559779808940444,48.48230081489942,5.739807332822888
258,126.1789679325372,44232.47108125278,2600.6990171926427,9.646944036608556,3114.9809483759077,-0.0,129.59488264972165,0.44225764162670217,3.060927281368436,7425.34379650773,340.09602152945905,1.9343621874173043,148.34526052508824,-0.0,6.196885369673526,0.02114759358539158,-0.0,2972.5046614471426,87.19895115858954,0.7830962738656415,1215.9392312667035,-0.0,50.897188315434065,0.17369258731191387,703.9557781606513,19.502250480623264,65.29874615211592,9.751125240311632,34.82599794779515,5.2006001281662035,30.472748204320762,4.550525112145428
259,322.50217122542085,30841.937185130013,1862.3750282106,6.908230269459941,3419.946727510934,-0.0,142.70086883805766,0.4869833470275246,830.3961210128818,3264.68812950386,187.61851183176393,1.0671167316652486,161.38511546986626,-0.0,6.760292874469424,0.023070287361960647,369.19653952142954,823.1108710365816,34.757266000017474,0.31214005596086225,1359.6159076688987,-0.0,57.06247410502363,0.19473234364726452,232.90210839190067,13.4884095526842,31.236104723700155,6.7442047763421,16.659255852640083,3.59690921404912,14.576848871060072,3.14729556229298
260,684.9430493741056,25196.651329897933,1595.749957306964,5.919220345297064,3833.8791460694442,-0.0,160.67717691174934,0.5483295935094493,2261.2399241633248,1599.7283885192594,175.34452307229148,0.9973060363259267,180.78105420747983,-0.0,7.604155105213962,0.025950065578479058,1055.3972233867482,202.47522680898376,35.800603642100235,0.3215098225583162,1551.6184473963092,-0.0,65.37801843910037,0.2231101078833045,166.18494515172782,12.053138956728812,24.942254649231234,6.026569478364406,13.302535812923324,3.2141703884610164,11.639718836307912,2.8123990899033897
261,2492.3683239521415,19952.462663576254,1412.284543021036,5.238680008807043,4167.390844596043,-0.0,175.1103295387926,0.5975844090666907,5876.367886858127,884.6459902306502,302.47518560274756,1.720386375091145,192.1254393452375,-0.0,8.099429608431539,0.02764024754610254,3077.095603052355,35.738950381552385,87.9797100550522,0.790107933690487,1729.597757897907,-0.0,73.02312863270689,0.24919993747433378,205.41427075904198,12.935398367513704,28.72731246374846,6.467699183756852,15.321233313999176,3.449439564670321,13.40607914974928,3.018259619086531
262,3354.9516127002266,18059.121804364702,1375.9805437604855,5.10401519490264,4502.409314342814,-0.0,190.01337087330768,0.6484427746047999,6608.171650085792,841.9341139601056,336.1652520908263,1.9120051726679035,208.6761046251894,-0.0,8.823617811889587,0.030111624196220006,3765.3301761672537,1.6165832639896969,107.18213869346116,0.9625566858384387,1865.466428271525,-0.0,78.95950014767516,0.2694584971670489,227.83567172310975,13.389884924065576,30.781449802536777,6.694942462032788,16.416773228019615,3.5706359797508203,14.364676574517164,3.124306482281968
263,2157.6077654901574,19918.394946123677,1424.1543634803902,5.282709515081701,4586.496023532942,-0.0,193.79952884888203,0.661363479981952,5365.649963782992,1013.5681334222431,290.10407478417363,1.6500232791743472,213.0027882526394,-0.0,9.013857484575182,0.030760839252135238,2836.152436552398,10.491227686378503,81.209530298041,0.7293078613195041,1899.635235629226,-0.0,80.46276126821911,0.2745885509494797,205.7828399592812,12.943130288638677,28.761665282466673,6.471565144319339,15.339554817315557,3.4515014103036474,13.422110465151112,3.0200637340156913
264,677.303795408841,25461.58594541721,1670.805021891061,6.197627036313702,4480.028602017638,-0.0,189.01613489810566,0.6450395906092543,2386.073524631081,1822.8192459263041,195.50154889984796,1.1119530363004377,215.8333675467779,-0.0,9.124880509206497,0.031139718263680945,1255.45800970923,215.18736002628748,42.48852980471035,0.381571210777349,1829.2463075251462,-0.0,77.4182455779105,0.2641987863109277,205.98150364405123,12.94729406786303,28.780173399826232,6.473647033931515,15.349425813240654,3.4526117514301413,13.430747586585573,3.0210352825013738
265,294.5895435820911,29338.11769776474,1856.475666537933,6.886347378924856,4067.4951240712185,-0.0,170.94146946620685,0.5833576881786693,614.2773684846317,3114.2161987336926,176.7642658502742,1.005381099166233,190.70410572890566,-0.0,8.040246814552034,0.027438279364096672,207.94371465563503,723.2559014199622,28.259871663946257,0.2537897521233844,1672.0832400140694,-0.0,70.60171952308902,0.24093659666690787,233.28909814706208,13.49587619163622,31.270696388244243,6.74793809581811,16.67770474039693,3.5989003177696586,14.592991647847313,3.1490377780484518
266,186.73414495142933,36025.93394574227,2232.0817465753457,8.27960773315155,3703.4395951135593,-0.0,155.20847570981482,0.5296670132680229,127.15843058620815,5858.400694493143,283.73712553640456,1.6138100185231263,177.61607219141342,-0.0,7.471459089791864,0.02549722495982239,45.293728333307406,2004.8088751620542,62.5037258193954,0.5613190771396882,1484.7819007378469,-0.0,62.56583910731987,0.21351321814757174,452.83495926519294,16.835121427784674,48.659527604176944,8.417560713892337,25.95174805556105,4.489365714075913,22.707779548615918,3.9281949998164243
267,58.58809802237218,48373.4812684393,2920.652050212073,10.833766880573577,3345.9438597731746,-0.0,139.81686650778425,0.4771413529382976,0.28137988235006217,9780.040384688571,457.4076413001886,2.6015948130995183,163.1075651273682,-0.0,6.841436290630096,0.02334719872706253,-0.0,3952.987673470743,118.65142845166402,1.0655574439232371,1307.2736057931334,-0.0,54.93607906091304,0.18747577272295665,1122.3867079293527,22.783325192976974,89.11885540723951,11.391662596488487,47.53005621719441,6.07555338479386,41.588799190045094,5.316109211694627
268,44.84659045879651,51903.3696415627,3037.1943894890596,11.266065050207276,3028.1096919860775,-0.0,125.91565373643746,0.4297018441374459,-0.0,10744.431489918821,490.7243597000905,2.7910901209004595,142.4344115643192,-0.0,5.947053223135586,0.020295012266814003,-0.0,5095.016860460717,149.06903833361483,1.33872491488436,1181.6721442458927,-0.0,49.44244197442667,0.16872809586916182,1315.5690928008808,24.02190755739828,99.07187097199842,12.01095377869914,52.83833118506582,6.405842015306208,46.233539786932596,5.605111763392932
269,29.78471025204567,55225.6738832001,3198.609497274868,11.864812733495027,3017.998363098657,-0.0,125.29743939846325,0.42759211565479205,-0.0,10969.56455008377,497.3101390692346,2.828548020375599,148.3499190039627,-0.0,6.184895684081564,0.02110667738588331,-0.0,4764.243915134869,138.31182263854356,1.242118987679357,1149.211627244482,-0.0,48.010888304074356,0.1638427521181798,1451.4536692826698,24.822031930063257,105.7815781334058,12.411015965031629,56.41684167114976,6.619208514683535,49.36473646225604,5.791807450348093
270,125.24641986943887,45572.41355113012,2627.0515020756347,9.744695043246079,3095.6322226023667,-0.0,128.32057185797058,0.4379089075259695,3.0485689641994766,7623.067700684301,343.43907727654204,1.9533764663803572,147.30174287683758,-0.0,6.133045011338054,0.02092973092182976,-0.0,3045.869948814169,87.84004964114345,0.7888537035846737,1206.9043966400225,-0.0,50.36328130772998,0.17187056742002207,722.988741694052,19.6764516286184,66.47050013807191,9.8382258143092,35.450933406971686,5.247053767631573,31.019566731100234,4.5911720466776265
271,319.874491359602,31768.690813178833,1880.2832824728093,6.974658535675607,3397.0512209587014,-0.0,141.27264197316677,0.4821093563879267,826.3593499866125,3350.3323771018604,188.4908258385452,1.072078187029189,160.16486224023026,-0.0,6.6890608761272965,0.02282719986536331,366.8354104020534,842.9832203717594,34.77118952774709,0.3122650971745381,1348.8069230038686,-0.0,56.45061822785425,0.19264431415320063,237.9348379541435,13.584874035428738,31.68448216504231,6.792437017714369,16.898390488022567,3.62263307611433,14.786091677019748,3.169803941600039
272,678.5433364109422,25944.70339112598,1609.6881619807034,5.9709222452745205,3805.032823301893,-0.0,159.00745622173628,0.5426314770449557,2247.379931318058,1640.8029738492237,174.45247531194457,0.9922323414052235,179.2512412919784,-0.0,7.520432763198138,0.025664353328316666,1047.4369541485025,207.19252508101795,35.3826887612851,0.31775670876954915,1537.9264322258368,-0.0,64.64716402755599,0.22061598202113034,168.32825062356255,12.104734661765544,25.15625162615986,6.052367330882772,13.416667533951925,3.227929243137478,11.73958409220794,2.824438087745294
273,2467.55922034289,20541.05651029562,1421.1852227971892,5.27169588612337,4133.573796520955,-0.0,173.23111297205645,0.5911713635056488,5836.485040477212,907.1518352035237,298.6980338193045,1.698903090596459,190.39127784496156,-0.0,8.00750946840174,0.02732655935474507,3051.9659988490316,36.555436629759825,86.63247327155189,0.7780089796187224,1713.4684479526084,-0.0,72.18522371220682,0.24634048927336294,204.68962330648108,12.920169552708462,28.65971108262034,6.460084776354231,15.285179244064178,3.445378547388923,13.374531838556157,3.014706228965308
274,3319.093162226866,18585.399206521193,1382.6907965391074,5.128905977188066,4461.124109936653,-0.0,187.85732237133692,0.6410850077993648,6556.819995704521,862.8950004290689,331.7387850232014,1.886828781362427,206.63512170608638,-0.0,8.719598269823804,0.029756645385201338,3731.49948490856,1.6522588060387247,105.49235747886244,0.947381487568063,1846.8943104589132,-0.0,78.02448783839853,0.2662676586837864,225.82291245490225,13.35033833698036,30.599894298160628,6.67516916849018,16.31994362568567,3.560090223194763,14.279950672474962,3.1150789452954175
275,2134.169368734336,20493.698758191957,1433.0959885103866,5.315877273323033,4543.218063888809,-0.0,191.57517333000877,0.6537726075199957,5322.278124540243,1038.4727707630927,286.6226567641552,1.6302220379065673,210.8845082893743,-0.0,8.906945584497821,0.03039598993229101,2810.0888159577066,10.719022410959143,79.93628175935147,0.7178733638501568,1880.4696157948022,-0.0,79.50562162969169,0.2713222003761573,205.11889378960578,12.929195209362305,28.69976675860986,6.464597604681153,15.306542271258591,3.4477853891632813,13.393224487351269,3.0168122155178714
276,670.1486383037287,26195.575640171788,1684.4316588020063,6.248173217481939,4439.668674921467,-0.0,186.90086282001417,0.6378209781028942,2367.728137571355,1867.7407866993983,194.52293765526892,1.1063869947478726,213.7512262918914,-0.0,9.018579974614665,0.030776955299812163,1244.3221422596596,219.89103421751136,41.96719907314904,0.37688936371482157,1811.2679105742955,-0.0,76.51211767707304,0.2611065192380087,208.10966553743182,12.991731042878023,28.978067806260732,6.495865521439011,15.454969496672389,3.4644616114341393,13.52309830958834,3.031403910004872
277,291.7030368017497,30185.398644799847,1872.7338586402334,6.946654960967406,4034.926146419779,-0.0,169.136837713731,0.5771991719893238,610.1436782587008,3191.806640587555,177.60255161135495,1.0101490122726335,189.01026177675254,-0.0,7.950603587756255,0.027132361404529817,206.2711107663398,739.4301381028654,28.298333660507243,0.25413516277101433,1656.7469989801548,-0.0,69.80623276897514,0.23822190540266572,237.69137019842427,13.58023886221136,31.662864296839828,6.79011943110568,16.886860958314575,3.6213970299230294,14.776003338525253,3.1687224011826505
278,185.0318818732595,37062.29784579342,2252.1776055699793,8.354150625584397,3676.3458628562676,-0.0,153.64087511106604,0.5243173935173026,126.39369020127863,6004.465676124894,286.05003628661194,1.6269651477067961,176.1507200949116,-0.0,7.391373165574937,0.025223922409231676,44.96018315419964,2050.0976316054966,62.85289781652049,0.5644548406581,1472.0234199331014,-0.0,61.88574008577273,0.21119230096942182,462.9424086282814,16.959456346267874,49.38092657889468,8.479728173133937,26.336494175410504,4.5225216923381,23.044432403484198,3.9572064807958376
279,58.10696509019775,49761.27308746871,2947.8394649072416,10.934614947316602,3323.531466762928,-0.0,138.45559971730822,0.4724958713569925,0.2799428227004926,10024.72429038718,461.47194920848364,2.624711353835488,161.87703615254256,-0.0,6.771172910268629,0.02310741675221888,-0.0,4043.55976524891,119.41130525027809,1.0723815706092266,1296.9355793077862,-0.0,54.36278877376721,0.1855193527997572,1150.0888469561191,22.969245769005425,90.57927732300696,11.484622884502713,48.30894790560371,6.125132205068113,42.27032941740325,5.359490679434599
280,44.536064583611854,53393.857798577454,3066.620396703046,11.375216875519454,3010.455904221209,-0.0,124.74343632745084,0.4257015156046178,-0.0,11016.80704539417,495.3408301624294,2.8173471934222674,141.49170887759334,-0.0,5.888962432889091,0.020096770674481332,-0.0,5214.681740714934,150.11869579130374,1.3481514370274592,1173.4044831818005,-0.0,48.9511029291844,0.1670513441105658,1350.1130237561556,24.230347704538268,100.79864047447396,12.115173852269134,53.759274919719445,6.461426054543538,47.03936555475452,5.653747797725596
281,29.592676513862127,56797.94390320842,3229.7571216973765,11.980350666831734,3001.3313764517425,-0.0,124.15661506265513,0.42369891964312134,-0.0,11246.166915446407,502.0299971005109,2.855393129779174,147.41677883907215,-0.0,6.1258767934194225,0.020905268542709986,-0.0,4875.910317333226,139.30430260505483,1.251032023367685,1141.5727138562786,-0.0,47.54506760305055,0.1622530846834516,1490.1073499406841,25.04044963927182,107.65138658577237,12.52022481963591,57.414072845745274,6.677453237139152,50.237313740027126,5.842771582496758
282,124.48373598482046,46858.7054411696,2652.502616170681,9.839102535893684,3079.423966317481,-0.0,127.17617168228263,0.4340035085439364,3.0398745400692686,7814.213849225078,346.7193824515279,1.9720338392750658,146.41702353269184,-0.0,6.075724277210455,0.020734117235754655,-0.0,3117.034894988934,88.47967043033452,0.7945978627752074,1199.1985455178208,-0.0,49.88394580597377,0.17023477915261312,741.8465571277754,19.846059964314392,67.62137236609105,9.923029982157196,36.06473192858189,5.292282657150505,31.556640437509156,4.630747325006691
283,317.7119469093062,32650.039698720182,1897.4123390772768,7.038196472734379,3377.8593019460623,-0.0,140.0024268044735,0.4777745990782332,823.3847076169515,3432.215238830428,189.37726326462771,1.0771199720839342,159.13355330589366,-0.0,6.625852725449049,0.022611494684117044,364.9431178931684,862.07152383976,34.799171567307646,0.31251639183604357,1339.6142866403468,-0.0,55.90717919294701,0.19078976510749812,242.88900426439739,13.678513043286307,32.122782694370024,6.839256521643153,17.13215077033068,3.647603478209682,14.990631924039345,3.1916530434334716
284,673.2377200546241,26648.5177897768,1622.880061784989,6.019855827479609,3780.8206695561253,-0.0,157.53991067120708,0.5376233068079329,2236.761530317789,1679.54641094825,173.71406949040983,0.9880325148570557,177.96331402756837,-0.0,7.447263282612688,0.025414653947745936,1040.9770425498084,211.67330591206434,35.01674493929703,0.31447032470603187,1526.316364339619,-0.0,64.00670201125837,0.21843033074317939,170.46508594472195,12.155740437812334,25.368700309177715,6.077870218906167,13.529973498228113,3.2415307834166223,11.838726810949598,2.8363394354895446
285,2447.0635437618375,21088.814711086263,1429.6364127629547,5.303044441301621,4105.326327686656,-0.0,171.59856320353117,0.5856000971430896,5805.797439195773,928.0920440297627,295.4397731340776,1.6803711000194823,188.94430183906618,-0.0,7.928340716719326,0.02705638676232698,3031.6191951356527,37.32199595922561,85.45733798945302,0.7674555951058054,1699.9005118213788,-0.0,71.46043122175264,0.24386705042344012,204.25848939046304,12.911092006133646,28.619453333895063,6.455546003066823,15.263708444744035,3.442957868302306,13.35574488915103,3.0125881347645174
286,3289.5102998603224,19070.594412739738,1389.0871777585457,5.152632495040695,4426.626222632111,-0.0,186.00349915427736,0.6347586200037482,6516.872822380835,882.200458583066,327.95943569034824,1.8653329978785886,204.93946194756276,-0.0,8.63105030179108,0.02945446512381835,3704.0721117293247,1.6854547280616377,104.03406347940347,0.9342851764083104,1831.3455376117388,-0.0,77.22447628445661,0.26353752601275515,224.28697324817307,13.320001920701873,30.4609859926556,6.660000960350937,16.24585919608299,3.552000512187166,14.215126796572617,3.1080004481637706
287,2114.8969033655694,21020.817257262424,1441.4199415049404,5.3467538600295175,4507.16082747026,-0.0,189.67412993600033,0.6472850753669196,5288.523840680992,1061.259200476468,283.6800115295803,1.6134851715146967,209.13281170206622,-0.0,8.816549307080349,0.030087502099707827,2789.0181080860702,10.92965626512314,78.84479688261594,0.708071207647638,1864.4976097477906,-0.0,78.6919274963225,0.2685453743080941,204.7453659689674,12.92134228644986,28.664914069381222,6.46067114322493,15.287954170336647,3.445691276386629,13.376959899044573,3.014979866838301
288,664.2949613854968,26865.51674318875,1696.9141583141995,6.294475374492444,4406.25140609086,-0.0,185.0983838871485,0.6316698086613846,2353.5825934685495,1908.6442983166378,193.74086294127645,1.101938792891,212.0389078663578,-0.0,8.92901406774943,0.030471301203520096,1235.375686687054,224.2198820884772,41.525069540200626,0.3729187885505841,1796.3592147594034,-0.0,75.74429437246398,0.2584862327194411,210.19304508361546,13.034940447777561,29.17114558661835,6.517470223888781,15.557944312863121,3.4759841194073497,13.61320127375523,3.041486104481431
289,289.3608078799383,30956.68905476741,1887.57388869173,7.001702061174685,4008.21689463931,-0.0,167.60020161375706,0.5719552221996569,607.0171306282094,3262.2314654557663,178.40051092924327,1.0146875608998092,187.62679621910374,-0.0,7.875125411767622,0.02687478333181191,204.94211665381283,754.2573210567818,28.342687363276557,0.2545334842979284,1644.1062160674999,-0.0,69.13279667172037,0.2359237262302428,241.82526043982816,13.6585152572012,32.02892527633803,6.8292576286006,17.082093480713613,3.6422707352536534,14.946831795624414,3.1869868933469467
290,183.65792102594398,38005.522573537586,2270.523295885921,8.422201502145226,3654.2289509891966,-0.0,152.3038404644638,0.5197546069512794,125.82312142348121,6137.126927942254,288.18066503624476,1.639083512603214,174.95661368213365,-0.0,7.323761072581377,0.024993188261544702,44.697039723351615,2091.5923886979376,63.18350337186116,0.5674238669487456,1461.5331826761324,-0.0,61.308883526323775,0.2092237107263306,472.38770938488716,17.074020581454512,50.05033436877189,8.537010290727256,26.693511663345014,4.5530721550545366,23.356822705426882,3.9839381356727195
291,57.72221792975207,51024.295138692614,2972.6773710685125,11.026747827415495,3305.3378063253967,-0.0,137.2925882147967,0.4685269590529805,0.2788970529134821,10247.365232345222,465.21609728873034,2.646006923357147,160.87685341611763,-0.0,6.711610886199769,0.022904154402991664,-0.0,4126.55214115388,120.12652511914166,1.0788046526172097,1288.4639140060476,-0.0,53.87516802571365,0.18385529016369387,1175.9703749734279,23.140268710514277,91.933157729276,11.570134355257139,49.03101745561387,6.170738322803807,42.90214027366214,5.399396032453332
292,44.29276906691369,54749.775764141705,3093.5368174371747,11.475059726526583,2996.3100212457325,-0.0,123.74061622316731,0.42227927511773833,-0.0,11264.900450012872,499.60427128215065,2.8415963429806212,140.73184574441797,-0.0,5.839542591279193,0.01992811970499025,-0.0,5324.275574734275,151.10534523959595,1.3570121113395162,1166.6858729656676,-0.0,48.53215001269476,0.16562161845310955,1382.4453788370538,24.422245791183837,102.40156111937158,12.211122895591918,54.61416593033151,6.512598877649023,47.78739518904007,5.698524017942895
293,29.443169238835033,58229.55926757999,3258.2869680237063,12.086178303580043,2988.009663074055,-0.0,123.17879626423286,0.42036199902645355,-0.0,11498.471038594185,506.39661478818806,2.8802291161102245,146.66532800993062,-0.0,6.075531877826696,0.02073346065043298,-0.0,4978.274536326596,140.23774561447559,1.2594148735376818,1135.3730475481982,-0.0,47.14695125184129,0.1608944662335647,1526.3282283422168,25.241718328707602,109.3888897139872,12.620859164353801,58.340741180793145,6.73112488765536,51.04814853319404,5.889734276698441
294,123.89278993872469,48030.97769846214,2675.8480884325977,9.925699432701073,3066.5063109036732,-0.0,126.1935973603115,0.43065035914889094,3.034457996777843,7988.77573486435,349.7587679485361,1.9893209347016967,145.70529282827383,-0.0,6.0267144589780335,0.020566865518828387,-0.0,3182.325958481709,89.08156428751127,0.8000032126166351,1192.9486072533896,-0.0,49.4734460199054,0.16883390078795146,759.5411784166753,20.002612058212613,68.69241834637879,10.001306029106306,36.63595645140202,5.33402988219003,32.05646189497677,4.667276146916277
295,316.0012460147886,33454.56438297148,1913.1440430241144,7.096551117609609,3362.3542940546704,-0.0,138.90999432563441,0.47404654591865253,821.3467984983517,3507.1035200987517,190.23045025551497,1.0819726388294808,158.2947074308527,-0.0,6.571739620238604,0.02242682740557832,363.49348543952067,879.6168551454697,34.836356449617895,0.312850333269907,1332.082082006872,-0.0,55.44111333065646,0.18919926103137302,247.5561920047569,13.7655700860969,32.53297548104035,6.88278504304845,17.350920256554858,3.67081868962584,15.182055224485506,3.21196635342261
296,668.9398692814295,27292.62497816407,1635.0270341642804,6.0649133916124045,3760.9358837012014,-0.0,156.27529650502163,0.5333076635721072,2228.9082175990916,1715.056040937944,173.11600075914996,0.9846308827708495,176.90152330495405,-0.0,7.384546440834236,0.025200625415383416,1035.864502489752,215.80436943728392,34.70280855845865,0.3116509971017549,1516.6808474115578,-0.0,63.456551226540576,0.21655287706897838,172.51976165715652,12.204384656312218,25.57214489034643,6.102192328156109,13.638477274851429,3.2545025750165912,11.933667615495002,2.8476897531395178
297,2430.2852077744105,21590.96622636444,1437.5221448020013,5.33229550617513,4081.9249470560676,-0.0,170.1898889172063,0.5807928319567466,5782.498481699981,947.3219148910727,292.6398047751287,1.6644457360732696,187.74217016360794,-0.0,7.860370875433874,0.02682443175689752,3015.287999214769,38.03034548582704,84.43863707708277,0.7583070803810146,1688.5617750661283,-0.0,70.83683038199634,0.2417389398756457,204.04568971768265,12.906606789328055,28.59957241962793,6.453303394664028,15.253105290468227,3.441761810487481,13.346467129159702,3.0115415841765465
298,3265.0266186801123,19516.20204740465,1395.1290034683684,5.175043836805464,4397.695153827948,-0.0,184.4019836134768,0.6292932615604108,6485.6396389183465,899.9816683238088,324.7004531154712,1.8467969014139967,203.51704811434234,-0.0,8.554868890513339,0.029194487178712668,3681.7170021560305,1.7162237907149807,102.7673377337324,0.9229092573374423,1818.2451862513,-0.0,76.53489972912337,0.26118426564593156,223.10856103062534,13.296633014912937,30.35419689723404,6.648316507456468,16.188905011858157,3.545768803976783,14.165291885375884,3.102547703479685
299,2098.8739315518746,21505.530742958068,1449.1824682903086,5.375547911546467,4476.777051045913,-0.0,188.02925559079986,0.6416717499499982,5261.853217267145,1082.2871077511259,281.145428769153,1.599069239712255,207.6571782189568,-0.0,8.73861991538255,0.029821558967687522,2771.7437732518006,11.125223358582852,77.89524210901185,0.6995436646535906,1850.9905965808907,-0.0,77.98928890343217,0.2661475382156961,204.57239153615376,12.917702494568541,28.64876719790097,6.4588512472842705,15.279342505547183,3.4447206652182776,13.369424692353784,3.014130582065993
300,659.4313300287906,27481.951055721478,1708.4454740444908,6.3372492428959735,4378.140438535486,-0.0,183.5364980162079,0.6263396910853745,2342.45700974032,1946.410143711672,193.10095067034905,1.0982991675446652,210.5968135421288,-0.0,8.851671099770117,0.03020735931078817,1228.0519229248082,228.2401255776651,41.14256966627767,0.36948372170581917,1783.7519832783285,-0.0,75.08023765573223,0.25622006177624157,212.2196315690956,13.076698866478292,29.358348914412026,6.538349433239146,15.657786087686416,3.4871196977275445,13.700562826725614,3.0512297355116016
301,287.42576227146355,31666.575045316546,1901.276946894942,7.052531716872204,3985.903464033267,-0.0,166.26610812449786,0.5674024726758655,604.6049677122131,3327.2561062055506,179.16687267242287,1.0190463921828778,186.46627198367818,-0.0,7.809811908322178,0.026651893388863833,203.86373007665972,768.0192957818275,28.39089505905211,0.25496641687833094,1633.4505191064814,-0.0,68.54929132810231,0.23393244623624335,245.73856174003257,13.731797007351581,32.37353553224714,6.8658985036757905,17.265885617198474,3.661812535293755,15.107649915048663,3.2040859683820355
302,182.52911349539332,38873.789736046536,2287.471330009474,8.48506796060105,3635.8394055363624,-0.0,151.14112639129,0.5157867096595483,125.39072035116057,6259.6442257022745,290.1744661343976,1.6504236436525384,173.95808454385886,-0.0,7.265147729775087,0.02479316339769702,44.485264559033034,2130.092658175966,63.498962548760325,0.5702568701294509,1452.7146095979886,-0.0,60.808262695117556,0.20751528379131895,481.3031614429223,17.180765446847403,50.678108816942945,8.590382723423701,27.02832470236957,4.581537452492641,23.649784114573375,4.008845270931061
303,57.40933244837412,52187.12966447054,2995.642214454602,11.111932832481642,3290.3012106457086,-0.0,136.27964944241302,0.4650701874318549,0.2781315739020006,10453.095752998885,468.71681795166586,2.665917952156131,160.04428300886156,-0.0,6.659859930663945,0.022727548235531615,-0.0,4203.53940308909,120.80571404114819,1.0849041561892976,1281.372850838272,-0.0,53.45118224046149,0.182408389254993,1200.4048072117048,23.299441598624178,93.20225228298328,11.649720799312089,49.70786788425774,6.21318442629978,43.49438439872553,5.436536373012308
304,44.099372672908814,55998.174348933804,3118.4602591885755,11.567509889419702,2984.7795825727662,-0.0,122.8659413764475,0.4192943452579223,-0.0,11494.198051127374,503.5965993135906,2.8643034841846085,140.105804421118,-0.0,5.796510163386609,0.019781266529277402,-0.0,5425.889751093644,152.0414010144535,1.365418425632084,1161.1144006379309,-0.0,48.167184618011134,0.1643761315061874,1413.028142075543,24.601025313794672,103.9062802471176,12.300512656897336,55.416682798462716,6.560273417011913,48.489597448654884,5.740239239885423
305,29.325276768761515,59548.580920061424,3284.7332074677574,12.184277080181618,2977.187371452201,-0.0,122.32467224415284,0.4174472012577924,-0.0,11731.85046067904,510.49014338182894,2.90351185517033,146.047530794301,-0.0,6.031616293931728,0.02058359360192812,-0.0,5073.240958429458,141.1236444100938,1.2673707495734952,1130.2430010100566,-0.0,46.79956546688914,0.15970897175379556,1560.6191206670214,25.42934917730844,111.02118857880662,12.71467458865422,59.211300575363516,6.781159780615583,51.809888003443085,5.933514808038636
306,123.42969764537392,49111.92545529809,2697.515936875725,10.006073409060013,3056.050591880918,-0.0,125.3340733659834,0.4277171333387287,3.0314075629622623,8150.378826679017,352.6112831302473,2.0055451689097934,145.12127233218595,-0.0,5.983890942312928,0.020420725277028397,-0.0,3242.938495193557,89.65307122733213,0.8051356706234765,1187.783557941613,-0.0,49.11468754636267,0.16760959568285363,776.3108889646658,20.14875255433784,69.69982837407669,10.07437627716892,37.173241799507565,5.373000681156757,32.52658657456912,4.701375596012163
307,314.62900893024624,34197.40459933297,1927.7595270082086,7.1507652943099576,3349.622445780241,-0.0,137.95307326036786,0.470780941252058,819.9894202340183,3576.537093274329,191.05620893216874,1.0866693017097682,157.59829360715682,-0.0,6.524394086984442,0.022265255255116648,362.3708942289812,895.9321846865669,34.88002537055432,0.31324250506572204,1325.7916733876946,-0.0,55.033269498836745,0.18780744642014255,251.9916359874274,13.847296116019148,32.920417993975505,6.923648058009574,17.5575562634536,3.692612297605106,15.362861730521901,3.231035760404468
308,665.4043782905516,27888.385336192267,1646.3311691237739,6.106844563430287,3744.3351392362515,-0.0,155.16623330698945,0.5295228561449312,2223.078474266094,1748.0432985123712,172.6218153694888,0.9818201073697268,176.0077009524173,-0.0,7.329610823025658,0.025013151216737813,1031.7555606824114,219.65494444181354,34.42823907709886,0.30918520668898924,1508.531374748715,-0.0,62.97458162405248,0.21490809962581128,174.5016469927038,12.250940976714725,25.76761820634502,6.1254704883573625,13.742729710050678,3.2669175937905934,12.024888496294341,2.858552894566769
309,2416.333898506133,22056.05966179266,1444.9413581791812,5.359816082670972,4062.219341146452,-0.0,168.95324197901328,0.5765726301460904,5764.636817001163,965.2134036735076,290.1831671161332,1.6504731321763588,186.72271272943595,-0.0,7.800761569194522,0.02662100805175267,3001.964036074482,38.69181091719797,83.5390102132626,0.7502279184694712,1678.9083979347206,-0.0,70.28984663648322,0.2398722940918564,203.98725470513426,12.905374598409754,28.594111890490552,6.452687299204877,15.250193008261627,3.441433226242601,13.343918882228923,3.011254072962276
310,3244.439815574462,19929.57319576634,1400.8704375994237,5.196340916316015,4373.033737084899,-0.0,182.99462701488483,0.6244904931370359,6460.871400713139,916.5601365468153,321.83355499544024,1.8304908614502642,202.29999672906246,-0.0,8.487970680011411,0.028966189238233048,3663.1849410378345,1.7450261761465988,101.64695204677203,0.9128475553892689,1807.0063339757921,-0.0,75.92923521934173,0.2591173649146966,222.1910053658859,13.278380070668272,30.27091669018138,6.639190035334136,16.14448890143007,3.5409013521782056,14.126427788751311,3.09828868315593
311,2085.3429352081616,21955.631606181953,1456.482054879826,5.402624748525267,4450.761211296853,-0.0,186.58201774679992,0.6367328821284168,5240.469506206333,1101.9170333183754,278.91975522707384,1.58641028909598,206.3902288643937,-0.0,8.670100438148557,0.029587728265522324,2757.344000485959,11.308519627628977,77.05451929110215,0.6919934946422389,1839.3658886551884,-0.0,77.37136021330755,0.26403878453962204,204.54290820533646,12.91708189079557,28.646014524825958,6.458540945397785,15.277874413240506,3.4445551708788185,13.368140111585449,3.0139857745189667
312,655.3284403594155,28054.624265127728,1719.2031354255514,6.377153344301718,4354.120511520313,-0.0,182.16074276817355,0.6216447659539882,2333.5917432409715,1981.6706153918094,192.56804664590715,1.0952681723869826,209.35969115290467,-0.0,8.783593726314965,0.029975037339296486,1221.9598458410505,232.0083909414012,40.805842232340716,0.3664597174566764,1772.9068524811294,-0.0,74.49559904414086,0.2542249143731981,214.19216292980502,13.117088927717788,29.539987536408205,6.558544463858894,15.754660019417702,3.4978903807247432,13.785327516990497,3.0606540831341507
313,285.8039242652081,32326.128694020932,1914.0543566303734,7.099927803784091,3966.980260988715,-0.0,165.08930320529467,0.5633864887297385,602.7285947557816,3387.94246795332,179.90661419980853,1.0232538158175386,185.47547693858522,-0.0,7.752250667869487,0.026455458946922774,202.97588832986068,780.9090572842124,28.44170566447111,0.25542272507066355,1624.3185671254832,-0.0,68.03493292024784,0.23217713821977304,249.46908425965708,13.800935145853094,32.70035082780277,6.900467572926547,17.440187108161478,3.680249372227492,15.260163719641293,3.220218200699055
314,181.58883911518672,39680.65655518344,2303.282142599238,8.54371604837224,3620.3240054961866,-0.0,150.11402409004688,0.5122816033453979,125.06208228765898,6373.98442832355,292.0583962001946,1.6611388618624656,173.10880750298384,-0.0,7.21342605167706,0.02461665714290581,44.31257167682716,2166.1405171679758,63.80165973167521,0.5729752633314421,1445.1807046148117,-0.0,60.36641692979297,0.20600743361899873,489.7851623452882,17.28110380151017,51.271773464384914,8.640551900755085,27.344945847671948,4.6082943470693785,23.926827616712966,4.032257553685707
315,57.15167616857736,53267.91109866495,3017.0826554033965,11.19146327125441,3277.699082539624,-0.0,135.3836910047366,0.4620126248372476,0.27757690958247383,10645.10124479523,472.0210009280969,2.6847111346849144,159.34013299160438,-0.0,6.614129971856377,0.022571489421167896,-0.0,4275.597410617788,121.45484297455113,1.0907337039333032,1275.3449336187607,-0.0,53.07646127027841,0.18112961026964394,1223.6590632137168,23.448932751601028,94.40207584575928,11.724466375800514,50.34777378440494,6.253048733760274,44.054302061354335,5.47141764204024
316,43.94423540253702,57158.53676035514,3141.7604603267487,11.653938859068147,2975.2630657200893,-0.0,122.09135103775613,0.4166509654468352,-0.0,11708.157424732695,507.3685842315359,2.885757381128091,139.58253629780177,-0.0,5.758431057645909,0.019651317142729063,-0.0,5520.943277465256,152.93531227110674,1.3734462581340892,1156.427056395402,-0.0,47.844186693369366,0.16327386344218917,1442.1841172881834,24.769077966543122,105.33072231134658,12.384538983271561,56.17638523271817,6.605087457744832,49.15433707862841,5.779451525526729
317,29.23165122150367,60775.25705239276,3309.47904644938,12.276068449431385,2968.2926407625705,-0.0,121.56740112100144,0.41486292528833035,-0.0,11949.717955174798,514.3606017687009,2.9255258390971863,145.53269668873213,-0.0,5.992708479615343,0.020450816150777342,-0.0,5162.107997005261,141.96984782322428,1.2749701384531813,1125.9392899699542,-0.0,46.49175324273033,0.1586585266626241,1593.332781253245,25.605805042625228,112.56730044090425,12.802902521312614,60.03589356848226,6.828214678033394,52.53140687242199,5.97468784327922
318,123.06489368843609,50117.83274184798,2717.811574588732,10.081357353841911,3047.496534015723,-0.0,124.57114167679228,0.42511354002790375,3.030135991621159,8301.31888940958,355.3104842058303,2.0208973993574277,144.6359209825666,-0.0,5.945905092633327,0.020291094137657766,-0.0,3299.683327265654,90.19915070714289,0.8100397755489651,1183.4587217562575,-0.0,48.79642344455562,0.16652348234101697,792.3223383869923,20.28633396788232,70.65493866828261,10.14316698394116,37.68263395641739,5.409689058101952,32.97230471186523,4.733477925839209
319,313.5184894588971,34889.41292389658,1941.4591796856532,7.201582317666603,3339.043463377807,-0.0,137.10278594473775,0.467879236684509,819.1480438135429,3641.4646555273725,191.8575977790132,1.091227356449081,157.01247465840962,-0.0,6.482355674098787,0.0221217942714697,361.4994079826541,911.2268312641482,34.92840069620047,0.3136769430578905,1320.4674924279514,-0.0,54.6711057545762,0.186571520431828,256.2349230018179,13.924588752842075,33.288953097696066,6.962294376421037,17.754108318771234,3.713223667424553,15.534844778924832,3.2490707089964843
320,662.4625196629243,28444.16668455927,1656.940791091718,6.14619953249734,3730.299081481106,-0.0,154.17984942315053,0.5261567061759985,2218.7978247851233,1778.939235507022,172.2084368106643,0.9794689365160276,175.24501692224325,-0.0,7.280789770573748,0.024846543685038632,1028.422973893571,223.2717419181463,34.184687918842315,0.30699797849424315,1501.5443068328134,-0.0,62.54621410055938,0.2134462455246615,176.4201547936489,12.295673914339963,25.956136895130527,6.147836957169981,13.843273010736283,3.2788463771573233,12.112863884394248,2.868990580012658
321,2404.593610930332,22490.431264343762,1451.9692317976794,5.385885036842837,4045.4119313710767,-0.0,167.85252184222549,0.5728162943878139,5750.959895888821,981.9933771602604,287.99758251667976,1.6380421952086999,185.8463898911406,-0.0,7.747731887529481,0.026440038082338163,2990.9772785008286,39.31408610792353,82.73365028583761,0.7429953273670828,1670.578187981827,-0.0,69.80321014260335,0.2382115903378779,204.04469059751383,12.906585723339976,28.599479060037787,6.453292861669988,15.25305549868682,3.44175619289066,13.346423561350967,3.011536668779328
322,3226.9148199039296,20316.155782596918,1406.354421022483,5.216683016970572,4351.738793056751,-0.0,181.74093126354364,0.6202121102644328,6441.108948127172,932.1385850391937,319.2765962154687,1.815947661690037,201.24446531282078,-0.0,8.428384972797064,0.02876284606751154,3647.6393347540757,1.7721794121121726,100.64261401838142,0.903828027547657,1797.2347794238965,-0.0,75.38977489207659,0.2572763936725504,221.47316927652412,13.264065084319142,30.20568370563609,6.632032542159571,16.109697976339245,3.5370840224851046,14.09598572929684,3.0949485196744666
323,2073.7752661235904,22376.926966724863,1463.3933587752467,5.428261302950965,4428.199580552812,-0.0,185.29147037770156,0.6323287388150758,5223.191020259339,1120.386003596067,276.9381154327604,1.5751393278246224,205.28764252845338,-0.0,8.608995716901964,0.029379201282371162,2745.195669756195,11.481518877699388,76.30019898226055,0.6852192684009082,1829.228022553691,-0.0,76.82035334615448,0.26215840938433216,204.62118217996718,12.918729372987412,28.653322182826905,6.459364686493706,15.281771830841013,3.4449944994633097,13.371550351985894,3.0143701870303965
324,651.8255832196204,28590.851619010562,1729.3196558337772,6.414679219298476,4333.337657060578,-0.0,180.93280368960882,0.6174542807292348,2326.481565994545,2014.8569231136064,192.11879937926216,1.092712991289919,208.28395175975237,-0.0,8.722816796681625,0.029767628983230432,1216.8330577883812,235.56549678603528,40.505406227709166,0.36376163092425745,1763.4544059944308,-0.0,73.97376365073586,0.2524440902720766,216.1153109895067,13.15622976224579,29.716542689119485,6.578114881122895,15.848822767530393,3.508327936598877,13.867719921589096,3.069786944524018
325,284.42909774815394,32943.75972619552,1926.0654715871822,7.144481423037842,3950.737229076534,-0.0,164.03765913152378,0.5597976307564363,601.2676127970747,3445.05087928806,180.6235997061828,1.0273318101622522,184.61814893939246,-0.0,7.700798337858042,0.02627987187387017,202.237262313504,793.069883781147,28.494322467776616,0.2558952539493232,1616.3904833195293,-0.0,67.57531648237021,0.2306086435561525,253.04653525895495,13.866591950003812,33.01222934845067,6.933295975001906,17.606522319173695,3.69775785333435,15.405707029276977,3.235538121667556
326,180.7972573908339,40436.378608904655,2318.1513996765393,8.598871562309993,3607.080902821109,-0.0,149.19503403193843,0.5091454426616774,124.81384880980355,6481.5959399837175,293.8524127206156,1.671342679317013,172.37685099954982,-0.0,7.167138307180412,0.024458694819866882,44.17047616248311,2200.1424511612563,64.09349864157103,0.5755961430538689,1438.6618367699068,-0.0,59.97115786003599,0.20465856597509055,497.9076877905086,17.376109632206266,51.837073851086735,8.688054816103133,27.646439387246254,4.633629235255004,24.19063446384048,4.054425580848129
327,56.93754093436626,54280.39562529125,3037.2616536171345,11.266314557464717,3267.0211000822096,-0.0,134.58111375099756,0.4592737364166204,0.2771854912814056,10825.809877337673,475.16462056960154,2.7025910820562546,158.73699000716275,-0.0,6.57315736227159,0.022431665615507013,-0.0,4343.548297889963,122.07869351366466,1.096336237291077,1270.1571590926167,-0.0,52.74085376542107,0.1799843105434842,1245.9395098847467,23.590397384081488,95.5445447444996,11.795198692040744,50.95709053039979,6.290772635755063,44.58745421409982,5.504426056285681
328,43.81917290393679,58245.694824157574,3163.7179216534346,11.735387115557737,2967.3357197356963,-0.0,121.39675074731856,0.4142805609984402,-0.0,11909.466848238826,510.96014486069225,2.9061850798809714,139.14014581423788,-0.0,5.724278441055739,0.01953476735804833,-0.0,5610.533847700305,153.79392172091647,1.381157060293039,1152.4381434373574,-0.0,47.55458071470041,0.16228554928573197,1470.165785206274,24.92824520006095,106.68879197137497,12.464122600030475,56.90068905139997,6.647532053349586,49.78810291997499,5.816590546680889
329,29.157114925271834,61925.05964425973,3332.8165006467943,12.362635604304385,2960.920604290026,-0.0,120.88768536303199,0.4125433160418095,-0.0,12154.764698994772,518.0479796900853,2.9464985173124933,145.09903062520445,-0.0,5.957780594670348,0.020331620672476444,-0.0,5245.8895212462785,142.78278322304925,1.2822707616147901,1122.2892697984744,-0.0,46.21549799328219,0.15771577342569143,1624.7471166348757,25.77299339005747,114.04207395874163,12.886496695028734,60.82243944466221,6.8727982373486585,53.219634514079424,6.013698457680076
330,122.77749911972688,51061.164095643486,2736.9683113727165,10.152416698447894,3040.446614859014,-0.0,123.88572524540673,0.42277447656892386,3.030238223374439,8443.418367940172,357.8834109509295,2.035531420021158,144.22851628585082,-0.0,5.911775759119306,0.02017462380918809,-0.0,3353.1964670718776,90.72388032776068,0.81475214657216,1179.7997844242489,-0.0,48.510532927125816,0.16554784762908403,807.7071820068389,20.41679581957261,71.56662768972726,10.208397909786305,38.16886810118787,5.444478885219363,33.39775958853938,4.763919024566942
331,312.6151848160976,35538.88778200158,1954.3958555619818,7.249569180957458,3330.175196188563,-0.0,136.33829205952836,0.4652703121976943,818.7079358763177,3702.643324665149,192.63787403991634,1.0956653292546514,156.5143765156817,-0.0,6.444558119600599,0.021992805711351884,360.8254245109523,925.6653841564445,34.98030745327256,0.3141430953167368,1315.9121998338849,-0.0,54.34554794329552,0.18546051645631376,260.3174550593705,13.998151859841311,33.64161089267714,6.9990759299206555,17.942192476094476,3.732840495957683,15.69941841658266,3.2662354339629727
332,659.9937684505425,28966.350245997233,1666.9687689668137,6.183396970848289,3718.3125685387013,-0.0,153.29242867737244,0.5231282794500821,2215.731755553639,1808.0869852126054,171.85933440148222,0.9774833487493102,174.58687980787198,-0.0,7.2368676470428035,0.024696654319263787,1025.7052052742408,226.69142414968405,33.966107287693,0.3050349998629873,1495.4869394344098,-0.0,62.16090870542467,0.21213134595552569,178.2833325170879,12.338807398778187,26.13856567250708,6.169403699389093,13.940568358670445,3.2903486396741832,12.197997313836636,2.87905505971491
333,2394.622692242825,22898.908460398325,1458.664211344587,5.4107191651246165,4030.929614902924,-0.0,166.86166438556276,0.5694348778302147,5740.582536877987,997.8378100044619,286.0306912968828,1.6268551193198726,185.08477070621666,-0.0,7.699995755608293,0.026277132968400077,2981.850346878905,39.903144477298554,82.00458748230663,0.7364479279170506,1663.3107124248786,-0.0,69.36519819046433,0.2367168234998933,204.19131850653724,12.909676569990072,28.613178606993824,6.454838284995036,15.26036192373004,3.442580418664019,13.35281668326379,3.012257866331017
334,3211.850835869115,20680.09508204563,1411.6153384402264,5.236197684209912,4333.1587074963645,-0.0,180.61165091921012,0.616358309469148,6425.322595510898,946.867775235331,316.9710356012243,1.8028343378324487,200.31923273203822,-0.0,8.374711769683017,0.028579680006148387,3634.4838604070483,1.7979256975771885,99.73252660236302,0.8956549239161712,1788.6476840516111,-0.0,74.90383605681185,0.2556180707599098,220.91258712301826,13.252864509290607,30.15469207067891,6.626432254645303,16.082502437695418,3.5340972024774953,14.07218963298349,3.092335052167808
335,2063.7901452564224,22773.815682185228,1469.9735629678748,5.45266968745686,4408.432246895093,-0.0,184.12806244285716,0.6283584736395227,5209.189667603032,1137.8612073860857,275.155195544894,1.5649986246232932,204.31832178278353,-0.0,8.553915789996402,0.029191234612112545,2734.856080761787,11.645687276714131,75.61628769403825,0.6790773552890464,1820.2948551156182,-0.0,76.32363034609392,0.2604632842524064,204.78319329481312,12.922137989809862,28.66844458041045,6.461068994904931,15.289837109552238,3.4459034639492963,13.378607470858213,3.0151655309556347
336,648.8069987954481,29096.14815000943,1738.8944042391042,6.450195463746673,4315.175560385053,-0.0,179.82504277955542,0.613673917511571,2320.7751626016225,2046.2576650539672,191.737066550881,1.0905418116754215,207.33947146821444,-0.0,8.667997595527389,0.029580552069986398,1212.4831327707254,238.94094032086286,40.234564522544446,0.3613293180660882,1755.1327954955464,-0.0,73.50302259165642,0.2508376315420044,217.99379552823046,13.194238041917618,29.88849258800074,6.597119020958809,15.94052938026706,3.518463477844698,13.94796320773368,3.078655543114111
337,283.2536610465393,33525.76139908655,1937.428734449658,7.186631921877923,3936.662952808433,-0.0,163.08802444166412,0.5565568916951618,600.1386968966273,3499.065453419101,181.3198284975206,1.031291746658123,183.86955729686358,-0.0,7.654353387117268,0.026121373066200416,201.61874832638347,804.6023591131842,28.548175506538183,0.2563788849268773,1609.441073238367,-0.0,67.16037915965387,0.22919262158047435,256.49289381992065,13.92926015970714,33.311292332459885,6.96463007985357,17.76602257731194,3.7144693759219036,15.545269755147945,3.250160703931666
338,180.12574207070477,41148.56719225356,2332.223303235752,8.651069400363093,3595.677197173812,-0.0,148.36437015565517,0.5063107053680569,124.6298660332954,6583.370057004523,295.5682194055567,1.6811016631397049,171.7406049399915,-0.0,7.125320319917432,0.024315986064348438,44.05301743301158,2232.3774625843685,64.37571892125955,0.5781306419956216,1432.9690771667515,-0.0,59.614030676842816,0.2034398278384413,505.723059247499,17.466552337153896,52.37810248691519,8.733276168576948,27.934987993021434,4.6577472899077055,24.443114493893756,4.0755288786692425
339,56.75854015396132,55234.63609350093,3056.3699397923965,11.337194181038857,3257.901413010009,-0.0,133.8550270483912,0.4567958809168849,0.2769242009031483,10996.712248925465,478.1688243816174,2.719678074815313,158.2162424241807,-0.0,6.53610643215758,0.022305224998121008,-0.0,4407.948295931311,122.68033745911164,1.1017393427827529,1265.6535310998158,-0.0,52.437346494057266,0.17894855660547795,1267.3874602415171,23.724991891736114,96.63790966947873,11.862495945868057,51.540218490388675,6.326664504462964,45.097691179090084,5.535831441405093
340,43.71833670149024,59270.3257127408,3184.53286878256,11.812597368936613,2960.693921025926,-0.0,120.76783528131608,0.4121343136691486,-0.0,12099.816152594474,514.3953117884708,2.9257232590771833,138.76358644097343,-0.0,5.693365739772706,0.01942927416197286,-0.0,5695.40304795302,154.62161786616704,1.388590243360343,1149.0173993147957,-0.0,47.29243691848574,0.1613909530276812,1497.1430433978326,25.079798118349412,107.98997846793075,12.539899059174706,57.594655182896396,6.687946164893177,50.39532328503436,5.8519528942815295
341,29.097954340833272,63009.241010294085,3354.9563082048203,12.444760249671502,2954.780622804698,-0.0,120.27169781590887,0.41044118674247265,-0.0,12348.733460893862,521.577225641704,2.9665717892320096,144.73140358284016,-0.0,5.926135740601265,0.020223628919684468,-0.0,5325.282988421426,143.5666908843448,1.2893106991422363,1119.1710225941124,-0.0,45.96520735093145,0.15686162743671392,1655.0532697972828,25.93225377171693,115.45584067377595,12.966126885858465,61.57644835934717,6.915267672457848,53.879392314428785,6.050859213400617
342,122.55243628300012,51951.27085723051,2755.160343253384,10.219897599661309,3034.6130214238483,-0.0,123.26393073141776,0.4206525303183419,3.031425933541153,8577.936964664768,360.348350430411,2.0495512421347435,143.8844179249339,-0.0,5.880817922644857,0.0200689765840113,-0.0,3403.936435982843,91.23015467076046,0.8192987786851524,1176.682035458443,-0.0,48.251232885575426,0.1646629560152713,822.5617344284695,20.541198125098248,72.44141502837688,10.270599062549124,38.63542134846767,5.4776528333595325,33.805993679909214,4.7929462291895915
343,311.87930000327697,36152.283695911356,1966.6882347930255,7.295166112295808,3322.693573176727,-0.0,135.64413412125586,0.46290141732761964,818.5872694935761,3760.637114350425,193.39959330408584,1.0999977555365308,156.08751698798335,-0.0,6.410231671527097,0.021875662706473818,360.3102914690161,939.3731166782238,35.034926584742536,0.3146336062433892,1311.9823904499879,-0.0,54.04998143355932,0.18445186129287586,264.2641446290602,14.068539623104048,33.98078584097663,7.034269811552024,18.1230857818542,3.7516105661610792,15.85770005912243,3.2826592453909447
344,657.9090252607375,29460.02821028876,1676.5052432341918,6.218771242517473,3707.993423758422,-0.0,152.48615929311495,0.5203767912037343,2213.6381235976405,1835.773619892467,171.56227069002267,0.9757937411846084,174.01342362225898,-0.0,7.196920905011105,0.02456033140619506,1023.4838724038735,229.94380514993827,33.767961213393825,0.30325553519737936,1490.1864820115522,-0.0,61.81077176018912,0.2109364628206353,180.09849036180475,12.380541156495038,26.315682528234486,6.190270578247519,14.035030681725058,3.30147764173201,12.28065184650943,2.888792936515509
345,2386.0933794172843,23285.335006228124,1465.0739762190008,5.434495327849527,4018.3458662539656,-0.0,165.96110379392962,0.5663616098488384,5732.847462886696,1012.9164313409779,284.239928091769,1.616669805728104,184.41552926739266,-0.0,7.656511185131616,0.026128736803420743,2974.2271171646707,40.464176609892,81.33788387536958,0.7304605495893497,1656.9081456297538,-0.0,68.96679040900113,0.23535721051029798,204.40650212807734,12.914209860494307,28.633277425832414,6.457104930247153,15.271081293777286,3.443789296131815,13.362196132055134,3.0133156341153384
346,3198.8028019919225,21024.615817526934,1416.6810282405224,5.254988180798412,4316.809398286294,-0.0,179.5850298475437,0.6128548454070164,6412.715476182429,960.9169866802215,314.8657755066673,1.7908602620897345,199.4982442019507,-0.0,8.325737354890311,0.0284125491075865,3623.263829777814,1.8224906346615288,98.89928841776235,0.8881719701772365,1781.0246717083978,-0.0,74.46139671342853,0.2541081949332812,220.47428947028925,13.244094003769899,30.114793619782795,6.622047001884949,16.06122326388415,3.5317584010053062,14.053570355898636,3.090288600879643
347,2055.1083841952714,23149.554300515138,1476.2647974428614,5.476006177569773,4390.974812969219,-0.0,183.07022143524787,0.62474846790723,5197.799844502012,1154.559803178258,273.52895589691093,1.5557490707220438,203.45476367629263,-0.0,8.503571030552871,0.02901942725271286,2725.9817440548536,11.802471926113347,74.98969567310017,0.6734502018621876,1812.3418935258937,-0.0,75.87096822750152,0.25891852201388865,205.0067149196536,12.926837800991756,28.689301930557768,6.463418900495878,15.300961029630809,3.447156746931135,13.388340900926957,3.016262153564743
348,646.1889396214209,29574.34898478258,1747.995655284276,6.483955333272316,4299.188887964417,-0.0,178.81775197617836,0.6102364202429644,2316.1846148005807,2076.2938976315254,191.40882239086963,1.0886748592526585,206.49842092773667,-0.0,8.617813537718066,0.029409293123643605,1208.7624634377012,242.16496712964923,39.987785605034674,0.35911310275383024,1747.7308794253872,-0.0,73.07373106086047,0.24937262415823835,219.82810862449747,13.231142449205478,30.05592320047866,6.615571224602739,16.029825706921947,3.528304653121461,14.02609749355671,3.0872665714812784
349,282.24344713562203,34076.28082445339,1948.2210523567062,7.226664577016527,3924.391769598277,-0.0,162.2242294576628,0.5536090906349459,599.2739828692261,3550.755649149753,182.0021822388027,1.0351727661115204,183.20629002322985,-0.0,7.6117738287758225,0.025976065360613827,201.0974783082736,815.6126335384768,28.60300270256121,0.2568712643917868,1603.2871528500714,-0.0,66.78168257899947,0.22790027536102528,259.82342665880776,13.98929105831463,33.599034230494446,6.994645529157315,17.919484922930373,3.730477615550568,15.679549307564074,3.2641679136067467
350,179.55368565384393,41822.21574721241,2345.590935297698,8.700654837797822,3585.8026515369497,-0.0,147.60823680977535,0.5037303121961446,124.49715826695426,6680.781073182854,297.22822410555557,1.6905432623332863,171.1794718062055,-0.0,7.086945407473098,0.024185027202946987,43.95550443421457,2263.14736712081,64.65006546708683,0.5805944303202601,1427.9476702911215,-0.0,59.28783462963344,0.20232664580843251,513.2737915978825,17.55305177348834,52.89817019870906,8.77652588674417,28.212357439311504,4.680813806263557,24.68581275939756,4.095712080480612
351,56.60851928628349,56137.74298727439,3074.5407200775117,11.404596252310157,3250.072283921579,-0.0,133.19326758920914,0.4545375496328244,0.2767674176988112,11160.167722143815,481.07130547757447,2.736186499866756,157.76064469720802,-0.0,6.5021020816950985,0.022189181188881777,-0.0,4469.407201088026,123.26387321796537,1.106979826439427,1261.7060816348765,-0.0,52.159897221841796,0.17800172862668567,1288.1322203201148,23.853736557097097,97.6895747552012,11.926868278548548,52.10110653610731,6.360996415225893,45.58846821909389,5.565871863322656
352,43.63735930441626,60240.67710843521,3204.3590465472935,11.886139915033585,2955.110682188176,-0.0,120.19387978653617,0.4101756236473663,-0.0,12281.63312215544,517.7130235409479,2.9445933891477454,138.43962267625972,-0.0,5.665003916141006,0.019332486133193275,-0.0,5776.355463137927,155.42409750271275,1.395796967809231,1146.0590251338551,-0.0,47.05263593951323,0.16057260423757655,1523.282310007718,25.22491647901304,109.24331135364805,12.61245823950652,58.26309938861229,6.726644394403477,50.98021196503576,5.885813845103042
353,29.05140668413453,64036.227185731805,3376.0548626454392,12.523022506317295,2949.6566750263933,-0.0,119.70921714403559,0.40852165589127665,-0.0,12533.923795959507,524.9850520154537,2.9859544637161743,144.41689389124048,-0.0,5.897102327799187,0.020124549014585692,-0.0,5401.0016815438785,144.32660419626686,1.2961351537385395,1116.4871876720215,-0.0,45.73616742627336,0.15608000199868308,1684.4246892875758,26.084757496014824,116.81779087169565,13.042378748007412,62.30282179823768,6.955935332270619,54.51496907345798,6.086443415736793
354,122.37865785572382,52794.33831207068,2772.5002018373407,10.28421747837711,3029.786612089303,-0.0,122.69604522690838,0.41871455484582926,3.033493378512872,8706.265123290037,362.7271163286,2.063080935265176,143.59175248308276,-0.0,5.852426216583054,0.019972086577956124,-0.0,3452.305729628731,91.72070602870052,0.8237042094321799,1174.0095842617939,-0.0,48.013956190426434,0.16385322163792554,836.9546448879094,20.660313729204265,73.2840067580104,10.330156864602133,39.08480360427219,5.509416994454471,34.19920315373819,4.820739870147662
355,311.28249395397745,36733.190355265106,1978.399422700389,7.338607192404532,3316.371295515453,-0.0,135.0102463342048,0.4607382013732143,818.7261231240508,3815.975805829036,194.14612193798123,1.1042437821578872,155.7190008390008,-0.0,6.378747485510209,0.021768219252136192,359.92538672358086,952.4434593081396,35.09164907118754,0.31514300649636573,1308.5717625844136,-0.0,53.7795258572199,0.1835289001163921,268.0864404269577,14.13604395270079,34.307664601520955,7.068021976350395,18.29742112081117,3.7696117207202104,16.010243480709782,3.2984102556301846
356,656.147295503236,29927.563537459155,1685.589027216766,6.252466320318182,3699.084547151859,-0.0,151.75012857400174,0.5178650005886708,2212.3403533633577,1862.2101097604918,171.30832457361902,0.9743493733175467,173.51013431107253,-0.0,7.160277286639891,0.024435280787604482,1021.6738509079005,233.04700832664042,33.58714066398169,0.30163166361863236,1485.521219868654,-0.0,61.490411272616804,0.20984319531803597,181.8649223629672,12.420886250923008,26.487474472537674,6.210443125461504,14.12665305202009,3.312236333579469,12.36082142051758,2.898206791882035
357,2378.7829210486025,23651.46328813085,1471.2150425912118,5.45727478953509,4007.3753202859366,-0.0,165.13881440116037,0.5635554514562751,5727.2966314221185,1027.309830117319,282.5994466603953,1.6073392489172988,183.82427773252482,-0.0,7.616645726953975,0.02599269128097782,2967.8608393596346,40.9996893478207,80.72482129682426,0.7249548982652624,1651.2386663817792,-0.0,68.60227488798326,0.234113258809694,204.6742224909718,12.919845507396897,28.658273496448253,6.459922753698448,15.284412531439067,3.445292135305839,13.373860965009182,3.014630618392609
358,3187.4625876529367,21351.377193062166,1421.5607778180627,5.273088957080478,4302.360765229498,-0.0,178.64701673761655,0.6096537663417837,6402.780974875588,974.3224271358704,312.9365974270611,1.7798876870116653,198.7674994411173,-0.0,8.280881390845801,0.028259472902217832,3613.67868004866,1.8459567563412218,98.13287216727424,0.881289115486751,1774.2277105691858,-0.0,74.05656182529502,0.25272664869307926,220.1380815035678,13.23735847127396,30.084170522099587,6.61867923563698,16.04489094511978,3.5299622590063895,14.039279576979807,3.088716976630591
359,2047.5262594902208,23506.24310056698,1482.2924666808208,5.498365007801712,4375.476731052653,-0.0,182.10274379362366,0.6214468376934215,5188.640627345589,1170.4791016759123,272.0443028621939,1.5473048181874922,202.68506707830008,-0.0,8.45750438524726,0.028862219456432973,2718.3537817017473,11.952272754289217,74.41338824089146,0.668274632698025,1805.2354591237465,-0.0,75.45672250247597,0.2575048601959377,205.28277405871856,12.932637564049536,28.715051225571994,6.466318782024768,15.31469398697173,3.4487033504132096,13.400357238600263,3.017615431611558
360,643.906569930156,30028.55892874868,1756.6783747585914,6.516162716095382,4285.032925451304,-0.0,177.89568559938635,0.6070897612631841,2312.5548080745793,2104.8933037914803,191.12787077138276,1.0870768923408873,205.75089232928352,-0.0,8.571929249798117,0.029252707643196464,1205.57850596448,245.2442794278069,39.76215337164657,0.3570867967159416,1741.12657937992,-0.0,72.68081039194637,0.24803173657975255,221.6227683161501,13.267050915957517,30.219284247639344,6.633525457978759,16.116951598740982,3.5378802442553376,14.102332648898363,3.095645213723421
361,281.3707765053653,34599.351601179595,1958.5174970661433,7.264857857065981,3913.625392347141,-0.0,161.4326682893635,0.5509077958898322,598.6360838273039,3599.898240361483,182.66521910001376,1.0389439170571348,182.6210870156906,-0.0,7.572867314908191,0.025843292347395987,200.65908046347386,826.1196954299103,28.658296755390776,0.2573678364968688,1597.8245622058027,-0.0,66.43499488255696,0.22671716318965912,263.0497706885109,14.046956793070308,33.876604599451255,7.023478396535154,18.067522453040667,3.7458551448187487,15.809082146410585,3.2776232517164052
362,179.06432625161878,42462.315107239636,2358.347922919955,8.747975171621176,3577.202427538768,-0.0,146.91481125679832,0.5013639166762519,124.40817577854502,6773.318799237857,298.82157837287616,1.6996057742439055,170.6873108867545,-0.0,7.05188406169642,0.024065376274002796,43.87497564117874,2292.4937446556587,64.91616973272075,0.5829841982716967,1423.5109048838617,-0.0,58.98912946394947,0.20130727961575523,520.5805700983134,17.635952575054183,53.39901260180081,8.817976287527092,28.4794733876271,4.702920686681115,24.919539214173714,4.115055600845976
363,56.48268129160636,56995.63837986633,3091.8844710434346,11.468930569294576,3243.3239982881705,-0.0,132.58619319415692,0.45246583750377806,0.2766982021687954,11315.412567435218,483.85511320435216,2.752019947078229,157.36428140406403,-0.0,6.471017438766539,0.02208310122190075,-0.0,4527.988387497448,123.82856670247808,1.1120510957347867,1258.2432112940703,-0.0,51.90574525923966,0.1771344054323044,1308.209228299936,23.977027434398362,98.70202489045941,11.988513717199181,52.641079941578376,6.39387398250623,46.06094494888106,5.594639734692951
364,43.57297090800277,61162.05308344203,3223.2922255440603,11.956370002025375,2950.417278296055,-0.0,119.66727592435109,0.40837852659075674,-0.0,12454.319737368753,520.8980252401016,2.9627087050105896,138.16255856326984,-0.0,5.639054174748202,0.019243929616187712,-0.0,5853.4701818100075,156.20033267010814,1.4027680019690945,1143.5017944416438,-0.0,46.83287701114363,0.15982265128110185,1548.6070156675473,25.363937724739657,110.45076759544268,12.681968862369828,58.907076050902766,6.7637167265972415,51.54369154453992,5.918252135772587
365,29.015384867807413,65011.51944819727,3396.2109269955695,12.597788722437866,2945.3866393134554,-0.0,119.1929064121788,0.40675968534160045,-0.0,12709.880931438678,528.2585209668857,3.004572954261458,144.14938713130996,-0.0,5.870517406680022,0.020033824872732246,-0.0,5473.141308200479,145.0617829055749,1.3027374775077485,1114.1790484993703,-0.0,45.52614788895261,0.1553632858493112,1712.891935778709,26.230883925406076,118.13027998217146,13.115441962703038,63.00281599049144,6.994902380108287,55.12746399168002,6.120539582594751
366,122.24755537626963,53595.28725303058,2789.0765292671217,10.345705140728832,3025.8037428348152,-0.0,122.17443520062818,0.4169344998362882,3.0362620916288825,8828.267374015444,365.0139272855036,2.0760876168044446,143.34411600782468,-0.0,5.826404071817673,0.019883282976002857,-0.0,3498.406268794182,92.1954766908867,0.8279679205383207,1171.7198243495752,-0.0,47.79621905523228,0.16311016828630673,850.9126769883693,20.774532943755293,74.09653840928246,10.387266471877647,39.518153818283984,5.539875451668078,34.57838459099848,4.847391020209568
367,310.8014990684191,37285.494037156954,1989.599752696785,7.380153313640588,3311.0182610268967,-0.0,134.42756962906446,0.4587497492045997,819.0765823007616,3868.6208098282495,194.87391173850204,1.108383228024335,155.40178496649244,-0.0,6.349875823889727,0.02166969134179709,359.6495120940144,964.9115505401905,35.14982890254288,0.3156654945371409,1305.6073077219917,-0.0,53.53118316234092,0.18268140172519978,271.7964493095986,14.20095431771049,34.62345816719659,7.100477158855245,18.465844355838183,3.786921151389464,16.15761381135841,3.313556007465781
368,654.6541655912947,30372.545437503562,1694.2837166775307,6.284718104199821,3691.350503544593,-0.0,151.07305648570247,0.5155544131730254,2211.70755525983,1887.3783752460836,171.09220623242052,0.973120158270156,173.06904246209763,-0.0,7.126665009538667,0.024320574974407597,1020.2108144420287,236.01091420966063,33.421468749723495,0.3001438354163891,1481.4020963787234,-0.0,61.19607325602508,0.2088387325306373,183.59036580597635,12.460043727846656,26.654743946720412,6.230021863923328,14.215863438250894,3.322678327425775,12.438880508469525,2.907343536497553
369,2372.486094588012,24000.187737424592,1477.1255114932337,5.479198880847073,3997.748625678724,-0.0,164.38203199788725,0.560972843300359,5723.582961613297,1041.0238606798741,281.09523384696666,1.5987837463417625,183.30182752489293,-0.0,7.580056935568988,0.02586782776586795,2962.556250752543,41.511663662787626,80.15854630048226,0.7198694260924126,1646.1979564210023,-0.0,68.26716925597479,0.23296967178312547,204.99033902944143,12.926493594195902,28.6877741135662,6.463246797097951,15.300146193901972,3.4470649584522404,13.387627919664226,3.0161818386457107
370,3177.547880090093,21662.86150580323,1426.2793125045268,5.290591728356278,4289.5027108061,-0.0,177.78334574188906,0.6067063884060034,6395.103470899241,987.1116454242573,311.16402624539734,1.7698058440871396,198.11557800688635,-0.0,8.239678298798282,0.028118862548289613,3605.4761603360425,1.8684208032161047,97.42432979938839,0.8749260012428857,1768.137738173356,-0.0,73.68413798320626,0.2514557089250877,219.89113413009792,13.232406800348524,30.061667686516024,6.616203400174262,16.03288943280855,3.528641813426273,14.028778253707484,3.0875615867479893
371,2040.866002824704,23846.42376471545,1488.0914098871326,5.51987540951023,4361.626133666656,-0.0,181.21144551059092,0.6184051784196876,5181.35564944453,1185.6793187985757,270.68283227651904,1.539561189760536,201.9961907437594,-0.0,8.415156271140601,0.028717701581272962,2711.7780821463907,12.095775482796514,73.88036288578205,0.6634877612515675,1798.8509949371728,-0.0,75.07540014681197,0.25620355321322824,205.60383266567115,12.939376190604783,28.744983312962713,6.469688095302391,15.33065776691345,3.4505003174946087,13.41432554604927,3.0191877778077827
372,641.9065088570575,30461.83744299328,1764.9972766272515,6.547020566328137,4272.420805401287,-0.0,177.04579980735937,0.6041894269417294,2309.725875150315,2132.205372929625,190.88682218448582,1.08570588167829,205.0828592236854,-0.0,8.52972424089657,0.029108678131228135,1202.8463547220772,248.19430092305768,39.5546005102766,0.3552228537417495,1735.2000628186158,-0.0,72.3189330387478,0.24679678793431656,223.382173018538,13.302066292133176,30.37900866150089,6.651033146066588,16.202137952800477,3.5472176779021805,14.176870708700418,3.1038154681644077
373,280.61402370152547,35098.300120897846,1968.3797898270293,7.301440708717772,3904.1302377111524,-0.0,160.70261181037222,0.5484163930654964,598.1855768349213,3646.824824710604,183.31117949577498,1.0426179422883337,182.10135207169256,-0.0,7.537055093803778,0.025721078968879645,200.29014261077626,836.1817120344397,28.713865516000734,0.25786687563436766,1592.946791337506,-0.0,66.11551701074734,0.22562690771622096,266.184482082886,14.102534859586608,34.14520668017674,7.051267429793304,18.210776896094263,3.7606759625564288,15.93442978408248,3.2905914672368755
374,178.64463109171848,43072.91348146908,2370.569924622827,8.793311046962188,3569.678251270584,-0.0,146.27484768546236,0.4991799663998276,124.35517516819735,6861.691354342812,300.3584012395985,1.708346752832179,170.2525646167388,-0.0,7.019588418947024,0.023955163628988325,43.80863652460933,2320.591968108548,65.17498738932228,0.5853085283215694,1419.5669195508435,-0.0,58.71370902613911,0.20036737527083576,527.6748296999508,17.715703250123383,53.88305066034447,8.857851625061691,28.737627018850375,4.724187533366235,25.145423641494087,4.133664091695456
375,56.37715360612033,57813.9592968746,3108.5071759118896,11.530590262532028,3237.4860052391077,-0.0,132.02564943944358,0.4505529166081425,0.2767009308007998,11463.699767163715,486.5394384150066,2.767287568154388,157.01707644757582,-0.0,6.44236028866818,0.021985305357132702,-0.0,4584.067393571468,124.3768781180343,1.1169752447151928,1255.1873545089259,-0.0,51.671257693643916,0.17633418928463862,1327.7117128576986,24.095588229977288,99.68055510458302,12.047794114988644,53.162962722444284,6.42549019466061,46.517592382138744,5.622303920328034
376,43.522449383423705,62040.830457676755,3241.452049593051,12.023731432608903,2946.47017061823,-0.0,119.18084007753134,0.4067185075682568,-0.0,12619.274701120348,523.9720034988118,2.980192553489178,137.92441620867223,-0.0,5.615111645989059,0.019162222946239805,-0.0,5927.267394949145,156.95397881602184,1.4095361738431447,1141.28053425256,-0.0,46.63000082644088,0.1591303126551132,1573.2384662643497,25.49770680466625,111.61887162003778,12.748853402333125,59.53006486402015,6.799388481244334,52.088806756017625,5.949464921088792
377,28.988156211026954,65941.91589489642,3415.5521788687283,12.669532501008494,2941.8325046456803,-0.0,118.71575083964701,0.4051313363367458,-0.0,12877.998430344633,531.4192727984624,3.022550344291827,143.9209511617166,-0.0,5.845974832929885,0.01995007047931594,-0.0,5542.187563522307,145.7756947942549,1.3091488131082987,1112.1856596625428,-0.0,45.33216114125826,0.1547012834631983,1740.591066123294,26.371521523031817,119.4003931704874,13.185760761515908,63.68020969092662,7.032405739475151,55.72018347956079,6.153355022040757
378,122.15212777207935,54359.56523472842,2804.990901198566,10.404737367982158,3022.528722420572,-0.0,121.69215539060902,0.415288663773766,3.0396054817360847,8944.862924389296,367.22298909610555,2.08865208497105,143.13401997142338,-0.0,5.8023677677636805,0.019801256286931555,-0.0,3542.538245383711,92.65661272299795,0.8321091848963605,1169.7512786374975,-0.0,47.59500164263074,0.16242349041344728,864.4991325576384,20.88451807248557,74.88318329240003,10.442259036242785,39.93769775594668,5.569204819329485,34.94548553645335,4.8730542169132995
379,310.4177623709817,37812.79505713752,2000.3551832708436,7.4200491401670945,3306.481849126619,-0.0,133.88853750116388,0.4569102392426928,819.6013125406762,3918.957393412291,195.58566432098877,1.1124314590979223,155.12744743068853,-0.0,6.323197420206841,0.021578648179799337,359.4645400182092,976.8550093305253,35.20916957594317,0.316198407601014,1303.0186097550995,-0.0,53.30158051055635,0.18189785591526267,275.40924581599666,14.26359862530568,34.929599072859965,7.13179931265284,18.629119505525306,3.8036263000815143,16.300479567334648,3.3281730125713254
380,653.3879686133907,30797.714096399595,1702.6375468775082,6.315705516390834,3684.611497840594,-0.0,150.44638663582396,0.5134158292704886,2211.625379306102,1911.4587275378249,170.9078089636607,0.9720713629842014,172.68005256194115,-0.0,7.095598701435228,0.024214557577154256,1019.0387237560159,238.8529338568884,33.26868417500818,0.2987717428674075,1477.7447954272893,-0.0,60.923839155003066,0.20790970193138306,185.27918024838763,12.498133066532205,26.81795579058397,6.249066533266102,14.302909754978115,3.3328354844085877,12.51504603560586,2.9162310488575147
381,2367.048553420475,24333.581215238537,1482.831977078704,5.500366249229936,3989.263714739568,-0.0,163.6813412600207,0.5585816544902567,5721.395791327506,1054.1530785154894,279.7059725779143,1.5908820530046484,182.83717923062804,-0.0,7.546226402906114,0.025752377130128738,2958.145061431651,42.00297012128709,79.63221727294156,0.7151426914835887,1641.6905111437839,-0.0,67.95709510566276,0.23191150760532342,205.34550680092963,12.933954799415822,28.720900984696687,6.466977399707911,15.317813858504898,3.4490546131775526,13.403087126191787,3.0179227865303586
382,3168.8457468443453,21960.859283220892,1430.8537698552796,5.307560064087875,4278.001541538293,-0.0,176.98340719475863,0.6039765048792255,6389.310497938393,999.3677543954091,309.5239839389454,1.760477784884629,197.53015261331302,-0.0,8.201559736007159,0.027988778509957887,3598.441845937844,1.8900018730759731,96.76529477795543,0.8690074911831429,1762.6493435069901,-0.0,73.33935208732565,0.2502790868697983,219.718078696093,13.228934565621941,30.045893160680485,6.6144672828109705,16.024476352362925,3.527715884165851,14.021416808317559,3.0867513986451196
383,2034.9913749772393,24172.00901001081,1493.6875253139694,5.540633448786675,4349.183905228947,-0.0,180.38553693932806,0.6155866691586911,5175.640407481707,1200.2547134157858,269.4258645435366,1.532411941608351,201.37570021784484,-0.0,8.37595735426271,0.028583930708702368,2706.093493328722,12.233714031337696,73.38442734956169,0.659033977515277,1793.082154991149,-0.0,74.72220248741723,0.2549982250345363,205.96137377703732,12.94687228921835,28.77829831075429,6.473436144609175,15.348425765735621,3.4524992771248932,13.429872545018668,3.0209368674842816
384,640.1472100661324,30876.582194352028,1772.9950080512558,6.576687077891815,4261.128944961264,-0.0,176.25796079906723,0.6015008345014665,2307.568132722368,2158.3961443802777,190.67948784905494,1.0845266273700298,204.4821824534754,-0.0,8.490641515087729,0.028975303774223013,1200.4970737193844,251.02992134225357,39.36254106715015,0.3534980504926886,1729.8520471792676,-0.0,71.98361494019153,0.2456524758408902,225.1092823072884,13.336260554806671,30.535393832333924,6.6681302774033355,16.285543377244757,3.5563361479484454,14.249850455089165,3.11179412945489
385,279.95607356924916,35575.87002163611,1977.8586791534742,7.336601376775442,3895.721026498707,-0.0,160.02550433128738,0.5461056848746703,597.8919886599455,3691.8148465521585,183.94209648973893,1.0462064052495716,181.63714660987569,-0.0,7.503876243109297,0.02560785227381263,199.9800279730882,845.8494623925103,28.769586808468073,0.25836728459486985,1588.568299696089,-0.0,65.81936010063747,0.22461623774269535,269.23810630251336,14.156257262266596,34.40584868318127,7.078128631133298,18.349785964363345,3.7750019366044256,16.056062718817927,3.3031266945288724
386,178.2842912068263,43657.33654452229,2382.3188821610192,8.836892228448457,3563.073035991592,-0.0,145.68098177400523,0.497153329760529,124.332285275236,6946.413357123154,301.84591148519576,1.7168072563086358,169.86656572470503,-0.0,6.989652451239841,0.023853003650081,43.75430848927181,2347.582973204334,65.42729223242482,0.5875743695947346,1416.043789605179,-0.0,58.458279470358534,0.19949569214082663,534.5817239532442,17.792663819854898,54.35222511391401,8.896331909927449,28.98785339408747,4.744710351961306,25.364371719826536,4.151621557966143
387,56.28890435902498,58597.16073439093,3124.4921069954494,11.58988421949234,3232.424744353171,-0.0,131.5052623563528,0.4487770350347721,0.27676375695809025,11605.864696649485,489.13665674622445,2.782059751932903,156.71166136883963,-0.0,6.415781145567468,0.021894600933440672,-0.0,4637.924212748127,124.91058278768739,1.1217682167933767,1252.4791152368637,-0.0,51.45368222990416,0.17559168765570116,1346.7084320394001,24.209963267763804,100.62911263749656,12.104981633881902,53.66886007333149,6.455990204737014,46.96025256416507,5.648991429144888
388,43.48368434057575,62881.81156785206,3258.927703250839,12.088555024929793,2943.158344200253,-0.0,118.7290937858721,0.40517687069589015,-0.0,12777.406009123959,526.948436456031,2.997121594116985,137.7193582716144,-0.0,5.592892382012209,0.01908639711821199,-0.0,5998.116819370646,157.68749823740515,1.4161235962612038,1139.345902040657,-0.0,46.441666861933015,0.15848760105046922,1597.2602364120717,25.62682662625883,112.75220493926466,12.813413313129415,60.13450930094115,6.833820433669021,52.617695638323504,5.979592879460394
389,28.96837904175942,66832.44552444246,3434.171902521398,12.7385998674615,2938.8878078910043,-0.0,118.27244511700628,0.40361850388992276,-0.0,13039.18717560747,534.4808365634525,3.0399635829258194,143.72574533302966,-0.0,5.823188291488984,0.019872308750824543,-0.0,5608.482629279664,146.47064455489934,1.3153898579930556,1110.4608810043949,-0.0,45.152001230646036,0.15408646677017815,1767.614132840313,26.50729588168695,120.63302925138501,13.253647940843475,64.33761560073867,7.06861223511652,56.29541365064634,6.185035705726955
390,122.0869286871578,55091.25427912427,2820.318530388786,10.461593151767378,3019.8563059920275,-0.0,121.24390997252591,0.41375897404051293,3.0434240581562895,9056.673314443951,369.36352808458565,2.100826816276014,142.95587203121738,-0.0,5.78004136069828,0.019725064820626283,-0.0,3584.917772656757,93.10558244342036,0.836141188842163,1168.0570015044696,-0.0,47.40804753139191,0.1617854877189089,877.7580269808509,20.990746025198405,75.64689905215396,10.495373012599202,40.345012827815445,5.597532273386241,35.301886224338524,4.8978407392129615
391,310.116794683528,38317.842128105876,2010.7155740898122,7.45847961972942,3302.6430471211147,-0.0,133.38731626021692,0.4551997633394617,820.2712810519337,3967.2494781897435,196.28297136780844,1.116397528381302,154.8896913485059,-0.0,6.298408370054734,0.02149405265693391,359.35641762973853,988.3307137533795,35.26941945125266,0.31673948581616274,1300.7516336375945,-0.0,53.088172297138456,0.18116957551375124,278.9357239335465,14.324220038155547,35.22713708319718,7.162110019077773,18.787806444371824,3.819792010174812,16.43933063882535,3.342318008902961
392,652.3159484595432,31205.211800300898,1710.6879436163988,6.345567382873335,3678.7262240129544,-0.0,149.8634334254059,0.5114264334953866,2212.005941502977,1934.5754070866783,170.7505502748205,0.9711769236433138,172.33563484358822,-0.0,7.066725208633574,0.024116023417695975,1018.1140751380268,241.58607253027316,33.12705839166255,0.2974998626240367,1474.4842522842825,-0.0,60.670720157835994,0.2070459038519435,186.93475885177045,12.535248794858568,26.97747496502401,6.267624397429284,14.387986648012806,3.3427330119622845,12.58948831701121,2.9248913854669993
393,2362.348383952875,24653.285545470102,1488.3553745486395,5.520854551002715,3981.7610034616623,-0.0,163.02933526752733,0.5563566080480605,5720.496637878682,1066.7638949126294,278.4159545760754,1.5835448250282003,182.4220804772857,-0.0,7.514772720889529,0.025645037774247464,2954.4961437946354,42.4757888611431,79.14056928706408,0.7107274123927428,1637.6421854970474,-0.0,67.66868345550232,0.2309272692341033,205.73291795012264,12.942083555220105,28.75701345895882,6.471041777610052,15.337073844778036,3.451222281392028,13.419939614180782,3.0198194962180245
394,3161.1872570882556,22246.804848373013,1435.2978795530335,5.324044892691018,4267.671814850931,-0.0,176.23880730013136,0.601435470953963,6385.115835605193,1011.1505038722441,307.9984947683328,1.751801268894594,197.0018964979304,-0.0,8.166101769267142,0.027867774065749213,3592.4079801141015,1.9107918457789248,96.14927358601271,0.8634752698247087,1757.680197187935,-0.0,73.0185015439258,0.2491841469945703,219.60741569862398,13.226713235136906,30.03580372307196,6.613356617568453,16.0190953189717,3.5271235293698413,14.016708404100248,3.0862330881986115
395,2029.7938716813144,24484.54622704324,1499.1017441677277,5.560716767132577,4337.959463866827,-0.0,179.61643612543688,0.6129620229908015,5171.25969702412,1214.274875597213,268.2592384263137,1.5257765289450071,200.81408649397085,-0.0,8.339476914666358,0.02845943695669986,2701.1733177832543,12.366664295074075,72.92073393304163,0.654869746387858,1787.845339841721,-0.0,74.39337681597434,0.2538760691053418,206.3490720889729,12.95499085727743,28.814401521145925,6.477495428638715,15.367680811277824,3.4546642286073146,13.446720709868098,3.0228312000314004
396,638.59543452282,31274.7600070895,1780.7064322930996,6.605291571380614,4250.9782497246615,-0.0,175.5240486335839,0.5989962736975873,2305.9808922457587,2183.5910199945984,190.5010831067722,1.083511915742485,203.93949537396216,-0.0,8.454254930103017,0.028851130312021706,1198.4762144058948,253.76303009110072,39.183933479430195,0.35189405257104794,1725.0039990778985,-0.0,71.67132133095842,0.24458673750083684,226.80672796855285,13.36969752180689,30.688703810392347,6.684848760903445,16.367308698875917,3.565252672481837,14.321395111516432,3.119596088421608
397,279.38318380293913,36034.34573070823,1986.9962960739501,7.370496140635873,3888.248751025526,-0.0,159.39443329696348,0.5439520814172455,597.7315076663432,3735.0872804430537,184.5595439168114,1.049718257432599,181.22069898425286,-0.0,7.472971718980302,0.02550238698322838,199.72029363735896,855.1644739356017,28.825370022756537,0.25886824964861344,1584.6209063964425,-0.0,65.54342474229047,0.22367457617142938,272.21944942469275,14.208317538433485,34.65937212796902,7.104158769216743,18.48499846825014,3.788884676915596,16.17437365971888,3.315274092301147
398,177.97499790542622,44218.40429012839,2393.647244303153,8.878913267749486,3557.259853305247,-0.0,145.12720382080607,0.4952634979511305,124.33490368692846,7027.90220751808,303.28996031771027,1.7250205645556373,169.52246058090992,-0.0,6.961754431426562,0.023757798405889194,43.71025538736667,2373.5849234265215,65.67374861913608,0.5897876883966199,1412.883766464643,-0.0,58.22018493250869,0.19868316677994274,541.3226936978069,17.867138975758056,54.8081840589549,8.933569487879028,29.23103149810928,4.7645703935354815,25.577152560845622,4.168999094343547
399,56.21548806991183,59349.07369457507,3139.9109057189016,11.647078184427752,3228.0320675447197,-0.0,131.01979066354377,0.4471203063002082,0.27687738802005646,11742.611230350778,491.6572614991916,2.7963961811026325,156.44214235243896,-0.0,6.390997606385406,0.02181002421740284,-0.0,4689.799430983709,125.43125130816773,1.1264441168230197,1250.070503473339,-0.0,51.25077291731609,0.17489923597694276,1365.2595565717027,24.320622073271934,101.55112530842776,12.160311036635967,54.16060016449481,6.485499219539182,47.390525143932955,5.674811817096785
400,43.454978821478036,63689.175226889,3275.79706427712,12.151129656087825,2940.3920077473736,-0.0,118.30750204198297,0.40373813973237177,-0.0,12929.499508024004,529.8391499635077,3.013563088723046,137.54268948067516,-0.0,5.572163532004944,0.01901565750156659,-0.0,6066.342000355074,158.40312643811077,1.4225503453218267,1137.6579290431646,-0.0,46.26594626301918,0.15788793402603188,1620.7474160116872,25.751827232089003,113.85483599752477,12.875913616044501,60.72257919867986,6.867153928557067,53.13225679884491,6.0087596874874345
401,28.954974400819403,67687.53823854774,3452.152721322881,12.80529730209873,2936.4662972916844,-0.0,117.85856788235226,0.4022060995883131,-0.0,13194.248434360581,537.4553322625038,3.0568816050214758,143.55905556616693,-0.0,5.8019209394759965,0.019799731433320956,-0.0,5672.330388162223,147.14876998161049,1.3214798107713321,1108.9672279545468,-0.0,44.98383645133686,0.15351258486079003,1794.0456185139624,26.63876570066094,121.83261841342417,13.31938285033047,64.97739648715957,7.103670853509584,56.85522192626461,6.215711996820886
402,122.04757813614435,55793.981814045306,2835.126744257966,10.516522234115522,3017.701159553077,-0.0,120.82526340683509,0.41233029384086356,3.0476411621803647,9164.252259491357,371.4439466910125,2.112659601229433,142.80514687443036,-0.0,5.759194979629714,0.019653924115535678,-0.0,3625.7389288317772,93.54377002531885,0.8400763630395549,1166.5987644313439,-0.0,47.23347191437058,0.16118972807863008,890.730420098645,21.09364821662931,76.39039924598417,10.546824108314656,40.74154626452489,5.624972857767816,35.648852981459285,4.9218512505468395
403,309.88685857504765,38803.09018269003,2020.7257820323985,7.495611142900135,3299.404768884576,-0.0,132.91900659755657,0.4536016020330545,821.063873988136,4013.733653711575,196.96746372176034,1.1202907116096923,154.683393790074,-0.0,6.275254818613958,0.021415038464042073,359.3138949932058,999.3901052289913,35.33040732906743,0.3172871917143777,1298.7621316529217,-0.0,52.88882591354058,0.18048928274543954,282.38620364675677,14.38304245420011,35.517051639224384,7.191521227100055,18.942427540919667,3.835477987786696,16.574624098304707,3.356043239313359
404,651.4113375154071,31596.953402351428,1718.4686056402522,6.374428704624017,3673.578625808924,-0.0,149.31858073813532,0.5095670601962297,2212.779852625796,1956.839702570213,170.61671429860405,0.9704157055304263,172.02963393797128,-0.0,7.039749916489638,0.024023967089221852,1017.4016938276121,244.22212164051732,32.99514327491742,0.29631518970059995,1471.5668837531905,-0.0,60.434212076748366,0.2062387924596659,188.56055254125653,12.57148412940024,27.13366663201315,6.28574206470012,14.471288870407014,3.352395767840064,12.662377761606136,2.933346296860056
405,2358.285623764874,24960.762264684203,1493.7148648410418,5.540734861093871,3975.109074979141,-0.0,162.41980423825268,0.5542765123684037,5720.695931881573,1078.915240558747,277.21211524231336,1.5766977549669785,182.0497804151931,-0.0,7.485379088371637,0.025544728577384025,2951.5030189251665,42.9320868624892,78.67917702488802,0.7065838469427022,1633.9918230806793,-0.0,67.39911820799723,0.2300073464085366,206.14733064139773,12.950767575536812,28.79561779498564,6.475383787768406,15.357662823992342,3.45353802014315,13.4379549709933,3.021845767625256
406,3154.4335926410417,22521.964443129727,1439.6243525503817,5.340093363738763,4258.360411817927,-0.0,175.54253744535515,0.5990593689226706,6382.290284130909,1022.5120641552382,306.5727047775765,1.7436918113569435,196.52318470398993,-0.0,8.132954804041002,0.027754656183559243,3587.237859712287,1.9308727467605526,95.57083686414349,0.8582805784259667,1753.1623832469513,-0.0,72.7185063669866,0.24816037848813083,219.54998983116357,13.225560235674049,30.030567387255992,6.6127801178370245,16.016302606536527,3.526816062846413,14.014264780719463,3.0859640549906113
407,2025.1844699728604,24785.3823380825,1504.3525578125455,5.580193955781995,4327.795787004358,-0.0,178.89702001827666,0.6105069316754993,5168.024938169148,1227.7989862707936,267.17139074147667,1.5195891839188733,200.30362216418607,-0.0,8.305363562187654,0.028343021165375838,2696.9144329747023,12.495130295848616,72.48526302427149,0.6509589694633217,1783.0718646920159,-0.0,74.0858245388395,0.25282651111368704,206.7620617822961,12.96362785967813,28.852835051176765,6.481813929839065,15.388178693960935,3.4569674292475012,13.464656357215825,3.024846500591564
408,637.2240189711205,31658.052271474342,1788.1613354739832,6.632944534414357,4241.821964198774,-0.0,174.83737413935603,0.5966529169525278,2304.883602141779,2207.8930642239357,190.3477707215527,1.0826399217700249,203.44725694716993,-0.0,8.420221549535972,0.028734987434167126,1196.7396348098132,256.4037639951902,39.01710545078225,0.3503958418027446,1720.591825912323,-0.0,71.37916049122185,0.2435897045832114,228.47700520432605,13.402436860435547,30.839187101301274,6.701218430217773,16.447566454027346,3.5739831627828123,14.391620647273932,3.127235267434961
409,278.88419180586317,36475.63072936834,1995.8276213356235,7.403254756686882,3881.592255494857,-0.0,158.80376553112418,0.541936358822619,597.685108230583,3776.8139975811173,185.16471349165056,1.0531602769460289,180.8458262735509,-0.0,7.444057975065807,0.025403715462156164,199.50413296950043,864.160884322639,28.881144778954642,0.2593691387438855,1581.0494909304305,-0.0,65.28520878503971,0.2227933841216417,275.1358012286798,14.258876446174819,34.90647496167948,7.129438223087409,18.616786646229055,3.802367052313285,16.289688315450416,3.3270711707741243
410,177.7100360769894,44758.4048091356,2404.597316174519,8.919531090050944,3552.136133918563,-0.0,144.60867275707224,0.4934939502601391,124.35934470726218,7106.470560808139,304.69480390642235,1.7330108853627415,169.21485308304676,-0.0,6.935645234870501,0.023668697729554145,43.67508294854046,2398.6913946791683,65.91486830835953,0.5919530806138166,1410.0405707493985,-0.0,57.997311852374445,0.19792258641760954,547.9144843299703,17.939370435652208,55.25222576298588,8.969685217826104,29.467853740259137,4.783832116173922,25.78437202272674,4.185853101652182
411,56.154936691390425,60072.714001637316,3154.819456526326,11.702379453184877,3224.221088137796,-0.0,130.5650697423408,0.44556851815782367,0.2770343214657538,11874.446975231378,494.1085364453386,2.81033828352849,156.20390423261918,-0.0,6.367794420479321,0.021730840641113122,-0.0,4739.876530017696,125.94002714105707,1.1310132137407558,1247.923345334186,-0.0,51.06076889948117,0.17425082512067155,1383.4094744278889,24.4279217015606,102.44916440929656,12.2139608507803,54.639554351624824,6.514112453749493,47.809610057671726,5.699848397030807
412,43.43496757217593,64466.11586473803,3292.1188363753135,12.211673079593831,2938.0992255717783,-0.0,117.91251017433562,0.40239018394680576,-0.0,13076.108939615484,532.6520709460883,3.0295621232322616,137.39072620993434,-0.0,5.55274931256992,0.01894940421497221,-0.0,6132.182112818288,159.10241258265253,1.4288303334051762,1136.1849235796533,-0.0,46.10134611528815,0.1573262168373703,1643.7525461073844,25.873097011845623,114.92968485264605,12.936548505922811,61.29583192141123,6.899492536492166,53.63385293123483,6.037055969430646
413,28.947073519938485,68510.50944967785,3469.55539432993,12.86985018248841,2934.4989665871713,-0.0,117.47068639826338,0.4008824088153721,-0.0,13343.732336981802,540.3505970561133,3.073348985951522,143.41718968058666,-0.0,5.781995922750953,0.019731734991439775,-0.0,5733.9498302028405,147.81149324292923,1.327431443327083,1107.6750587518382,-0.0,44.826263606524385,0.15297484916238643,1819.9423999979022,26.766329407104315,123.00223954014946,13.383164703552158,65.60119442141304,7.137687841894484,57.40104511873643,6.245476861657674
414,122.03054345538406,56470.42525927344,2849.464225369325,10.569705196462513,3015.994988606055,-0.0,120.43279248459997,0.41099094107533884,3.052192196498776,9267.974316422842,373.4695611348527,2.12418067686222,142.67829818609138,-0.0,5.739658004688042,0.019587251911467422,-0.0,3665.1393456487053,93.97207249915631,0.8439227633332873,1165.346362299933,-0.0,47.06984000429061,0.16063131511380305,903.4433250927669,21.193527217137945,77.11553320996782,10.596763608568972,41.128284378649504,5.651607257903452,35.98724883131832,4.9451563506655205
415,309.7185196450929,39270.35451719612,2030.4183322184122,7.53156435724688,3296.6894721607673,-0.0,132.4798197058373,0.45210282557681025,821.9602977977265,4058.567920962774,197.63995039388516,1.1241156101905412,154.50456986167245,-0.0,6.253549220556806,0.02134096558083418,359.3278933640917,1010.0695096843386,35.39196305543383,0.3178399972161887,1297.015266517917,-0.0,52.70191870751939,0.1798514401204233,285.7675223658454,14.440222793897512,35.80001179863627,7.220111396948756,19.09333962593934,3.8507260783726696,16.706672172696926,3.3693853185760863
416,650.6526673491733,31974.376561855875,1726.0043999881925,6.402381722587796,3669.0759982056134,-0.0,148.80744800152516,0.5078227601588401,2213.890601034364,1978.3255099828841,170.5033997242645,0.9697712068770755,171.75730393401292,-0.0,7.014455388227801,0.023937646563392326,1016.8734136020157,246.76947306757012,32.871827229976965,0.2952077413423613,1468.950585601405,-0.0,60.21239954120001,0.20548183132934097,190.158858883556,12.606904363288209,27.286780573692152,6.303452181644104,14.552949639302481,3.3618411635435224,12.73383093438967,2.941611018100582
417,2354.779931326158,25257.12761554943,1498.9246660741376,5.560059919705143,3969.2026389532753,-0.0,161.84786251262713,0.5523246945685703,5721.840493996147,1090.647248084491,276.0846702050428,1.57028519230694,181.71505637489656,-0.0,7.4578087554262416,0.025450641602821532,2949.080461021882,43.37329228488122,78.24463274013577,0.7026813916299061,1630.6911770285549,-0.0,67.14622448660555,0.22914431710893693,206.58466156645653,12.959919235383476,28.836329020558992,6.479959617691738,15.379375477631461,3.4559784627689267,13.456953542927534,3.023981154922811
418,20459.48103515901,22348.019313754816,2501.782577971726,9.280026778149772,4231.535094513219,-0.0,174.1314779478936,0.5942439639253219,6278.754965931471,1004.2726165114619,299.81541801148427,1.7052584302456857,194.71775845717895,-0.0,8.045234454792334,0.02745530026773775,3538.8385358877927,1.2164416552831505,93.8396031931325,0.8427331134743097,1743.6357481270172,-0.0,72.21305644702136,0.24643547172488742,655.5131572635337,19.04422958668157,62.267610323958685,9.522114793340785,33.20939217277797,5.078461223115085,29.05821815118073,4.4436535702257
419,20513.849017660108,21988.900234745386,2504.7393800537297,9.290994638722584,4290.087137148566,-0.0,178.29013296779056,0.6084358588816203,6287.3943143731685,970.8364603799806,304.0803380518172,1.7295159914523044,196.04632016027725,-0.0,8.13738579452531,0.027769777455029173,3548.590785777052,198.98321622161308,100.51293500323838,0.9026634360909045,1751.9775901336725,-0.0,72.77512854613435,0.24835360827391897,672.9484430701921,19.21159996631454,63.36689862729718,9.60579998315727,33.79567926789184,5.1230933243505445,29.57121935940535,4.482706658806726
420,20515.755806689172,21977.058191679655,2504.8431755599504,9.291379654225395,4290.5951676225595,-0.0,178.3231510675241,0.6085485369952973,6287.860603753838,969.7414991558044,304.2267990869397,1.7303490170401863,196.09426212188197,-0.0,8.140569638789282,0.02778064269466442,3549.0558455968066,1.1900795999947982,95.02901546965903,0.8534147135332826,1752.2043531175925,-0.0,72.7899919768281,0.24840433146352878,665.4331283924687,19.139815343928532,62.89423933775384,9.569907671964266,33.54359431346872,5.103950758380942,29.35064502428512,4.465956913583324
421,3088.9432197228393,21947.94517225798,1409.1606359521054,5.2270922947077505,4291.825810292954,-0.0,178.40297101410107,0.6088209318661914,6288.371621387215,968.5730615991124,304.38358898753035,1.7312407900568407,196.1509091099059,-0.0,8.144320633491185,0.02779344340127181,3549.58539053773,1.188882225518332,95.08468146901522,0.8539146259301365,1752.8052471062765,-0.0,72.82928184279412,0.2485384127104629,210.73339887864765,13.04610074800898,29.221118674435527,6.52305037400449,15.58459662636561,3.478960199469061,13.636522048069919,3.044090174535429
422,3083.9936594760907,22156.86225928665,1412.461542320256,5.239336563957334,4243.318386867503,-0.0,175.0396708660877,0.597343278110653,6280.0325773331115,9553.793702363515,670.0191045768945,3.8108638110854263,195.13422451783055,-0.0,8.075020571445204,0.027556948862456732,3542.0844156164385,1.2072783398495304,94.24539853330137,0.8463773868814557,1747.2912088211976,-0.0,72.46322536927094,0.24728920232983298,400.00270594755256,16.153150786840737,44.797097528262746,8.076575393420368,23.8917853484068,4.307506876490863,20.905312179855947,3.7690685169295053
423,3076.423940075344,22508.454482468005,1418.0808663350817,5.260180692376744,4238.694503923858,-0.0,174.68891234077233,0.5961462737612935,6279.510750219451,998.4336342652658,300.53243375667387,1.7093365965795355,194.23160806091164,-0.0,8.009188756792526,0.027332290122103586,3535.724051593526,1.2262016984865023,93.41588789855034,0.8389279086644066,1740.4354688557928,-0.0,71.98839150545103,0.24566877642655802,209.29686635999906,13.01638880689596,29.08817052213693,6.50819440344798,15.513690945139697,3.4710370151722563,13.574479576997236,3.037157388275724
424,3085.0872570184715,22109.43425100563,1411.709673316373,5.236547606774911,4244.850915839306,-0.0,175.15445313741296,0.5977349859896907,6280.396717674166,993.4691792342861,301.15100410771845,1.7128548356107862,195.2143296217798,-0.0,8.080647035591786,0.027576149827134404,8408.775770061617,1.205107240214321,223.86854378903496,2.0104671002072196,1748.0538182679345,-0.0,72.51462322824902,0.24746460351413552,304.4921362143758,14.748967922885816,37.347251322019254,7.374483961442908,19.918534038410268,3.933058112769551,17.428717283608982,3.441425848673357
425,3089.0111582905374,21945.17531046274,1409.1170638560143,5.226930669863902,4255.165901014996,-0.0,175.9097119880728,0.6003123948447403,22644.569609275986,989.8470992748217,975.7616744530309,5.549834068933512,195.30579492103095,-0.0,8.08703350552165,0.02759794440012797,8409.950676176712,1.2038130410166683,224.0067541205342,2.011708307746631,1752.3167030436464,-0.0,72.79734865576224,0.24842943698782952,817.2897016918415,20.497219234165115,72.13155164472853,10.248609617082558,38.470160877188576,5.465925129110698,33.66139076753998,4.78268448797186
426,3099.8131770579757,21533.07670995532,1402.6908002471685,5.203093307297453,4281.6063689243465,-0.0,177.73290973835367,0.6065342696655056,6286.14008710108,973.9356800139866,303.6682305012526,1.7271720497049814,197.03852173163204,-0.0,8.201677516318043,0.02798918044899635,8442.602866194455,1.1730490707588959,227.4109316940746,2.0422797623111264,1762.095471866067,-0.0,73.4205649948853,0.2505562353823985,306.81869455283817,14.786437207215695,37.537251370785874,7.393218603607847,20.019867397752463,3.9430499219241852,17.517383973033407,3.450168681683662
427,3093.816748397528,21755.249567171442,1406.1414175117302,5.215892909028728,4262.326589693004,-0.0,176.41806989448753,0.6020472254506751,6283.517268788346,981.3801147995002,302.69282073744125,1.7216242171961822,195.6737960610564,-0.0,8.112343079443189,0.027684316271024835,3547.2631619490967,1.19423570272474,94.8369413012463,0.8516897780427595,1755.8713301643577,-0.0,73.02766345964329,0.24921541309979886,208.61464790210127,13.002230788633753,29.024926118499682,6.5011153943168765,15.47996059653316,3.4672615436356673,13.54496552196652,3.033853850681209
428,3085.720838040496,60395.6785705873,3523.9476128788806,13.07161081872502,4245.742193495064,-0.0,175.22088454938904,0.5979616909257944,6280.62579116478,992.3595476052833,301.29040711637185,1.7136477173020765,195.26166107063642,-0.0,8.083956882295064,0.027587445064779666,3543.3832767516474,1.2038443810363737,94.3995260095783,0.8477615394517459,1748.5001492834342,-0.0,72.54458458307457,0.24756685012954316,1440.460080325181,24.75920409239844,105.24676157600346,12.37960204619922,56.13160617386851,6.602454424639585,49.115155402134945,5.777147621559636
429,3066.324936375881,23063.5895671409,1427.1155271420785,5.293693554349106,4198.884330954535,-0.0,171.27527719453295,0.584496845957648,6279.769926636692,1035.9106233359716,296.1170134975843,1.6842230361434882,193.4331282756922,-0.0,7.946240916855661,0.027117473281602116,3529.371796600118,1.2507716448229431,92.3858482150515,0.8296775653132039,1732.4053994204842,-0.0,71.39652904639871,0.24364897680209793,208.2324789302079,12.994286177770718,28.989467388515305,6.497143088885359,15.461049273874828,3.465142980738858,13.528418114640479,3.032000108146501
430,3085.684905211231,22083.831194350605,1411.3044020705204,5.235044307468631,8033.480253228502,-0.0,331.5358168615387,1.1314046163093714,6280.6025610576435,992.4696010605826,301.27656228702034,1.7135689721457281,195.25751427265556,-0.0,8.083667329276913,0.027586456931357146,3543.346760884114,1.2039393006974022,94.39525037274231,0.8477231417963824,1748.4695466058386,-0.0,72.54253308038162,0.24755984913749607,249.65328330102906,13.804331015683452,32.71644535990478,6.902165507841726,17.448770858615887,3.681154937515587,15.2676745012889,3.221010570326139
431,3085.6358846517423,22085.92297832301,1411.3374968974147,5.235167068288257,8037.524813970192,-0.0,331.83557462537533,1.1324275746159276,6281.056468838532,990.4080051006013,301.5366041567516,1.715048010793964,555.9478103636906,-0.0,23.020791379781354,0.07856113371019967,3543.651084359966,1.2031510035602626,94.43078564589283,0.848042268799921,1748.545487754372,-0.0,72.54762317190078,0.2475772196680672,254.06853462839464,13.885234913814504,33.10105571874603,6.942617456907252,17.653896383331215,3.7027293103505343,15.447159335414813,3.2398881465567175
432,3085.7962899343024,22079.0836605724,1411.2293003272077,5.234765727629135,8038.371745062984,-0.0,331.89803147698365,1.132640715901532,6281.149384493683,990.0069563188741,301.58736115688686,1.7153367010919771,555.9882103905792,-0.0,23.023600650219265,0.07857072067299603,3543.8950569988287,1.2025235186659688,94.4591150373915,0.848296682879778,3354.1137925239914,-0.0,139.17297810614136,0.47494400872100284,273.28499189565366,14.22683183534463,34.74975749380496,7.113415917672315,18.533203996695978,3.793821822758568,16.21655349710898,3.319594094913747
433,3087.6440082279014,22001.40151089975,1410.002531596864,5.230215193634524,8045.20269364595,-0.0,332.3979621230129,1.1343467874991846,6281.876052189056,987.0696337678417,301.9608139777358,1.7174607865552114,556.3136445685935,-0.0,23.046133686861168,0.07864761728681427,3544.7547866966624,1.2003431558573485,94.55785294521026,0.8491834055602094,1749.4443118643594,-0.0,72.60767882238075,0.24778216657495564,254.13545656864525,13.88645393566635,33.10686803402162,6.943226967833175,17.65699628481153,3.7030543828443596,15.449871749210095,3.240172584988815
434,3086.757693956738,22038.414856315874,1410.5865597970824,5.232381567877011,8041.079175990904,-0.0,332.09698166828554,1.1333196566174564,6281.797696795988,987.3711828435246,301.9223361923509,1.717241936676376,195.44126096388408,-0.0,8.096420432672915,0.027629978383099822,3544.7681307726825,1.2003096830218565,94.55937241040422,0.8491970512235555,1749.5335642251284,-0.0,72.61362341904928,0.24780245320394356,250.03478189235813,13.811358965972165,32.749766508361176,6.905679482986082,17.466542137792626,3.6830290575925773,15.28322437056855,3.222650425393505
435,3086.5662188361375,22046.470847417626,1410.713792913557,5.232853522050146,4249.211916290854,-0.0,175.47731625619858,0.5988367940129928,6281.738685597304,987.6005064054817,301.893095725665,1.7170756258420259,195.43406113472938,-0.0,8.095923638853256,0.02762828301628776,3544.569731141859,1.2008085029502131,94.53674043526391,0.8489938031894094,1749.3733121079792,-0.0,72.60294751570589,0.24776602043948293,208.97587173773948,13.009731072825517,29.05842159883217,6.504865536412758,15.49782485271049,3.4692616194201378,13.56059674612168,3.0356039169926206
436,1939.3700848803737,24481.650805605295,1471.9183921486524,5.459883770341383,4298.96886526088,-0.0,177.42577330594392,0.6054861307924428,4994.380261871585,1201.6299369480216,257.4598299981835,1.4643527956831308,198.3591697013397,-0.0,8.212634125213086,0.028026571153868897,2633.185461323524,11.121741502184426,70.44407758337985,0.6326279609845163,1772.9840813276257,-0.0,73.56354353407595,0.25104416631186743,192.66893965387288,12.662132092900814,27.52637750637448,6.331066046450407,14.68073467006639,3.3765685581068836,12.845642836308091,2.9544974883435233
437,1936.4908662808,68922.87881198499,3900.5716506705135,14.468647150649119,4284.088882023579,-0.0,176.28471791499865,0.6015921462781866,4993.135922078214,1212.555288155088,256.6344891410286,1.4596585092324066,197.84358393901766,-0.0,8.176018599461768,0.027901616404617965,2630.406767682327,11.215991452497457,70.1069315663099,0.6296001976202993,1768.6315400661651,-0.0,73.26775154631761,0.250034741678399,1698.2934026387843,26.156151542794532,117.45812714914067,13.078075771397266,62.64433447954168,6.974973744745209,54.81379266959897,6.103102026652057
438,1923.7527675658516,25968.605705151636,1498.6961255623091,5.559212179342598,4239.9483473461805,-0.0,172.22545943553013,0.5877394536009977,4996.459479105597,1274.0042387272192,252.3772750151651,1.4354447769112364,195.93510843154817,-0.0,8.024637777937878,0.027385011707381397,2620.223971312825,11.720187804981528,68.41891854322382,0.6144408787173543,1751.4974952223754,-0.0,71.99353953178642,0.245686344666442,194.62612831800908,12.704862967419015,27.712477426785828,6.352431483709507,14.779987960952436,3.3879634579784037,12.932489465833386,2.9644680257311036
439,1935.9597534290754,24748.23956272331,1476.6477271371157,5.4774266038882375,4283.018609005465,-0.0,176.1996580349037,0.6013018695234359,21895.489204274472,1214.634841118703,948.1609076750997,5.392849346328253,197.77373555745888,-0.0,8.170950230528472,0.027884320004902926,2629.9255771817034,11.233399625710168,70.0454585744566,0.6290481351215643,1767.9915802309454,-0.0,73.2234991111622,0.2498837250857071,607.5162107975366,18.567590999928154,59.18974979654699,9.283795499964077,31.56786655815839,4.951357599980841,27.621883238388595,4.332437899983236
440,12031.590648915826,24444.396948491143,2104.867992308027,7.8077253815257786,4306.60075508878,-0.0,177.98502809528108,0.6073946529435004,21899.713945168343,1205.033327530892,951.9013776300246,5.414123995797655,199.21596629344953,-0.0,8.27081885443638,0.028225133323908698,2636.5992106924614,11.017802778036383,70.82463134660188,0.6360455506461479,1775.3881915422876,-0.0,73.72335329526456,0.2515895357481223,1026.8535461242127,22.11765637497767,83.98729517528899,11.058828187488835,44.79322409348745,5.898041699994045,39.194071081801525,5.16078648749479
441,1944.4867701819192,24117.74791979886,1465.5126026015469,5.436122353559703,4337.86561272964,-0.0,180.13814617233422,0.6147424193323562,21922.250991401135,1178.3480798035437,962.6864099518567,5.475465962162346,200.02180427609568,-0.0,8.323091857014067,0.028403521037744895,2642.553533073067,10.859106683541965,71.42439805028127,0.6414317974369587,1781.7105443725668,-0.0,74.1330356098136,0.2529876243959461,617.9942712837096,18.67373051688758,59.8683868564046,9.33686525844379,31.929806323415782,4.979661471170021,27.938580532988812,4.357203787273769
442,1944.4206265378698,24122.21665510107,1465.5909173991645,5.436412851793009,4317.72156838151,-0.0,178.77393323035363,0.610086883665661,4996.951147100081,1187.1963103061034,258.5850202800816,1.4707525339839933,199.9162983716098,-0.0,8.316364944692962,0.028380564665411872,2641.962625578626,10.873815550946604,71.36781804350207,0.6409236767325764,1781.3743188978572,-0.0,74.11160385187712,0.2529144860240667,192.53542148556718,12.659206495297076,27.51365898470885,6.329603247648538,14.673951458511382,3.3757883987458865,12.839707526197465,2.9538148489026512
443,1936.4877343690227,24705.49653616486,1475.887370125442,5.474606161579855,4284.07429513624,-0.0,176.28356159041346,0.6015882001857672,4993.132294420426,1212.5970563470787,256.6313761461137,1.4596408034691166,197.84231372832502,-0.0,8.175926673677887,0.027901302697166307,7597.915487188382,11.215365842973052,201.92330357349704,1.8133863370381855,1768.655279114095,-0.0,73.26938912822943,0.25004033011753707,285.7985087207954,14.440744702631441,35.80259966403841,7.220372351315721,19.094719820820487,3.850865254035051,16.707879843217924,3.3695070972806698
444,1939.6059301632763,24463.993055203384,1471.6062341044967,5.458725861962658,4296.759932519796,-0.0,177.26086689199798,0.6049233684346268,4993.91137641988,1205.1758856361819,257.1895178993079,1.4628153431116044,198.04653993962341,-0.0,8.190594257416233,0.02795135753621436,2631.2912094204635,11.184887135965065,70.21738337697528,0.6305921178237484,1773.786950645387,-0.0,73.61718014536515,0.25122720749936345,192.31404890258506,12.654352884552324,27.49256524699005,6.327176442276162,14.662701465061359,3.3744941025472865,12.829863781928688,2.9526823397288755
445,1936.3394671947715,24717.441580092087,1476.0997805097265,5.475394069398654,4283.714378294305,-0.0,176.25500459098814,0.6014907460968436,4993.077934851366,1213.2351100909677,256.5838613820211,1.4593705540184132,555.6698161640568,-0.0,22.96147509642011,0.07835870997977884,2630.2555498238667,11.221423814003137,70.087722094459,0.6294276856160895,1768.4351694453692,-0.0,73.25419462096457,0.24998847709054067,196.29370564449593,12.741045363300481,27.870547866483363,6.3705226816502405,14.864292195457791,3.397612096880128,13.006255671025572,2.9729105847701125
446,1936.3986500417093,24712.6681743314,1476.014890887372,5.475079182735211,4284.140418466086,-0.0,176.2888026350559,0.6016060858614655,4993.0839410946355,1213.163450962925,256.5891940149973,1.45940088440435,555.6694172757311,-0.0,22.96144618025184,0.07835861129998438,2630.365920578265,11.21745544423318,70.10175236197624,0.6295536854138865,3351.9965284664954,-0.0,138.85699948296573,0.4738656948413736,212.2243712539476,13.076796216834406,29.35878603640886,6.538398108417203,15.658019219418057,3.4871456578225084,13.7007668169908,3.0512524505946947
447,1937.2163452903187,24647.43684900239,1474.8558226612881,5.470779774676945,4287.126546851338,-0.0,176.5237811739524,0.6024079775127441,4993.224405782884,1211.5652094641623,256.70837332267433,1.460078739867805,555.7921850709257,-0.0,22.970330965073888,0.07838893166373191,2630.5656606209,11.21032028577203,70.12701105259738,0.6297805228499488,1768.7586634914946,-0.0,73.27651759365878,0.2500646568366539,196.11838098953493,12.737250905111747,27.853949875012436,6.368625452555873,14.855439933339964,3.3966002413631324,12.99850994167247,2.972025211192741
448,1936.6445749540396,24692.909346880075,1475.6636083577573,5.473776147327488,4284.694292081998,-0.0,176.3326381912695,0.6017556798061802,4993.182582837095,1212.026517768323,256.67392609444795,1.4598828145657596,197.85899388433432,-0.0,8.17713311274748,0.027905419811104577,2630.5580842166396,11.210589851606343,70.12605602825437,0.6297719461871045,1768.813958737535,-0.0,73.28032808885737,0.2500776605956412,192.78867340267317,12.664754502439916,27.53778046907546,6.332377251219958,14.686816250173576,3.3772678673173107,12.850964218901884,2.955109383902647
449,1936.2921062855726,24721.26665642874,1476.1678123503582,5.47564642438281,8019.31430060058,-0.0,329.95228970299166,1.126000645317062,4993.060932606121,1213.4395989731129,256.5686491438853,1.4592840314589794,197.8141583607485,-0.0,8.173886747964852,0.0278943412129125,2630.2150284141862,11.222885405425785,70.08255781855813,0.6293813074755104,1768.3799527327824,-0.0,73.25037912976313,0.24997545628211137,231.03524338772664,13.45227330919408,31.068962188419412,6.72613665459704,16.57011316715702,3.587272882451755,14.498849021262393,3.1388637721452852
450,1936.5923901943986,24697.091905762798,1475.7379537991785,5.474051921766601,4286.852776805218,-0.0,176.50237466478583,0.6023349253052348,4993.525884584261,1208.5273883706336,256.9361924782189,1.4613745055697172,197.95675150907513,-0.0,8.184173118776924,0.027929444652209104,2630.845746189771,11.200413672060098,70.162149544294,0.630096086529916,1769.0533444944433,-0.0,73.2968072094319,0.25013389751528153,192.9771889579525,12.668881172008438,27.555729152514946,6.334440586004219,14.696388881341301,3.3783683125355837,12.859340271173638,2.9560722734686355
451,1936.2118071308287,24727.762521167842,1476.2833608043936,5.476075035868503,4283.468556833406,-0.0,176.2354716210245,0.6014240875602297,4993.028592074323,11051.295882194541,679.1422718040154,3.8627535969002205,197.80094333084887,-0.0,8.172927755984755,0.027891068541007674,2630.1304604944385,11.225943850563189,70.07175693601383,0.6292843093951146,1768.2680573276375,-0.0,73.2426424326486,0.24994905390147798,408.8266386417609,16.27106572824983,45.453505296890796,8.135532864124915,24.24186949167509,4.338950860866621,21.211635805215707,3.796582003258294
452,1931.090951390451,25173.20932211408,1484.251060502317,5.505630148774008,4280.369892040068,-0.0,175.98720296089977,0.6005768418212653,4992.734277537653,1218.0013328910243,256.23126383255646,1.4573650869623944,196.8432834893606,-0.0,8.10047008026171,0.02764379827749241,2625.254963964948,11.425437601732698,69.3831130382928,0.6230998947529608,1760.8903635962008,-0.0,72.71730409778448,0.24815627560435127,194.11393176184376,12.693708069288707,27.663835555547887,6.346854034644354,14.75404562962554,3.3849888184769887,12.909789925922341,2.961865216167365
453,1936.3122620148729,24719.63822757955,1476.1388487451552,5.475538987775712,4283.784932448843,-0.0,176.26060651555417,0.6015098633173426,4993.063194672596,1213.412251013167,256.5706831591476,1.4592956003158994,197.8142239121437,-0.0,8.173891502471538,0.027894357438220715,2630.2228031163118,568.1662801468515,85.4661935674579,0.7675351232428576,1768.38453803405,-0.0,73.25069603360748,0.24997653775341608,202.43826772779235,12.872625704765174,28.449174232537707,6.436312852382587,15.172892924020108,3.4327001879373795,13.276281308517596,3.0036126644452072
454,1935.8483121319312,24757.335613162737,1476.8096400917902,5.478027198267758,4283.299818450794,-0.0,176.22205012643184,0.601378285145626,4993.033707581727,1213.772263897935,256.5439179543224,1.4591433680142114,197.79720687783103,-0.0,8.172656429750194,0.02789014260860854,2630.128458488593,11.226016387765705,70.07150086312339,0.6292820097146291,1767.6657506239396,-0.0,73.20088870176941,0.24980656442835847,192.95023714080253,12.668291352268787,27.553163411399535,6.334145676134393,14.69502048607975,3.3782110272716763,12.858142925319784,2.955934648862717
455,618.8883628118186,31646.07980247424,1774.0095391465138,6.580450344857601,7939.358032665414,-0.0,326.6941121171124,1.114881734557085,2192.62385551322,2118.085496580669,180.82706731155488,1.0284890716921755,549.3993307265152,-0.0,22.703377439190522,0.07747792164260155,4806.838235543465,240.87691221354217,134.19475540424332,1.2051453777035765,3313.198880617845,-0.0,137.2503189322476,0.46838271019969874,368.13368820529917,15.712240740979109,42.38494572828858,7.856120370489554,22.60530438842058,4.189930864261096,19.779641339868007,3.666189506228459
456,618.248811531179,31857.69039842597,1778.1577495259767,6.5958375746439835,7923.034201417009,-0.0,325.370813756447,1.1103658246678174,2192.4415376373995,2128.2505443025752,180.77453937707745,1.0281903088610804,547.8803085434992,-0.0,22.590883431003423,0.07709402272822519,4801.25234127782,243.40297081665133,133.46663670771548,1.1986064568724548,1708.173835279802,-0.0,70.6739467914202,0.24118308063834396,345.06340646415737,15.376915902617856,40.59512288345771,7.688457951308928,21.650732204510778,4.100510907364762,18.94439067894694,3.5879470439441667
457,618.0873320056982,31912.94884947533,1779.2426769133494,6.599861967209434,7919.141761299236,-0.0,325.04588539045534,1.1092569687477152,2192.4267470923687,2129.303226161347,180.7692786216255,1.0281603872925253,201.13579158443756,-0.0,8.292822203904821,0.028300222318511235,4801.142994042376,243.45632141533207,133.4514751806234,1.1984702977189996,1708.162299341902,-0.0,70.6731311573389,0.24118029719197742,340.43434993534294,15.307845210718746,40.23124812091018,7.653922605359373,21.456665664485435,4.082092056191666,18.774582456424753,3.5718305491677076
458,618.0234696605263,31935.01969104618,1779.6762064789539,6.6014700869610685,4204.394809704582,-0.0,172.54425435919077,0.5888273784342783,2192.4092713389387,2130.6237097910875,180.7627267323171,1.028123122149354,201.112056009194,-0.0,8.291018002028633,0.028294065269324823,4800.7827252947645,243.63332375788374,133.40123640580234,1.1980191248913084,1707.9019146989338,-0.0,70.65470046515581,0.2411174003067627,291.05719566045724,14.528776767018146,36.240441836265894,7.264388383509073,19.32823564600848,3.874340471204839,16.91220619025742,3.390047912304234
459,617.8162627126776,32007.507084874702,1781.100846152343,6.606754596668136,4200.6517221413715,-0.0,172.2250627281691,0.5877380997908909,2192.3098122319225,2141.646642189411,180.71006966649796,1.027823624858669,200.9173302619134,-0.0,8.276067703914288,0.02824304563451766,1153.8461636950728,244.4374233847759,37.09932762812383,0.33317310406253225,1706.8432399073022,-0.0,70.57935294405269,0.24086026810906966,220.11466574814742,13.23688910868572,30.082037145741182,6.61844455434286,16.043753144395296,3.5298370956495253,14.038284001345884,3.0886074586933345
460,616.4177516807247,32537.321627253692,1791.5512447983867,6.645518948187544,4186.961495233049,-0.0,170.98459600373695,0.5835048625144889,15756.6888108885,2171.596946409935,728.6491612665545,4.144333647623304,200.41881210168034,-0.0,8.236455443146896,0.028107864177747948,1152.7485978675493,247.01332423300605,36.94670136274139,0.3318024332215764,1700.4741057767592,-0.0,70.11052900887654,0.2392603517877627,549.6959799070704,17.958792161268637,55.371926111970765,8.979396080634318,29.531693926384403,4.789011243004969,25.840232185586363,4.190384837629349
461,6569.278075589594,32072.97717258395,2153.097354167806,7.9866257278199315,4208.154488911634,-0.0,172.85774581101518,0.5898972045517858,15755.543892084554,2149.952255860548,731.7123042996647,4.1617558686515075,201.69081715065872,-0.0,8.333994256309591,0.028440726746040833,1155.0385957262883,242.04537556397474,37.2455841879439,0.33448657131760506,1707.5805122906052,-0.0,70.63189616692132,0.24103957798114353,760.7671732781017,20.013368515602018,68.76631726897976,10.006684257801009,36.67536921012254,5.336898270827205,32.09094805885722,4.669785986973804
462,618.0213646476674,31935.749316084897,1779.6905401684346,6.60152325585887,4222.60099315165,-0.0,174.00618244249276,0.5938163784096594,15756.531256920029,2129.3297602065436,734.7060938891256,4.178783628496782,201.99050010528694,-0.0,8.355495887092065,0.02851410356715102,1155.7527938852027,240.75655140892908,37.32626675755346,0.3352111467716406,1709.567308420685,-0.0,70.77191502726863,0.24151740866160207,550.6383538353615,17.96904888264856,55.4351927942921,8.98452444132428,29.565436156955784,4.791746368706283,25.86975663733631,4.1927780726179975
463,618.0348885522063,31931.06413445078,1779.5985006043707,6.601181847446051,4211.127940016437,-0.0,173.10103898073243,0.5907274708498298,2192.322498290114,2139.5327103198765,180.71988764688155,1.0278794665292812,201.89085824265305,-0.0,8.348398627357767,0.02848988334110563,1155.628477956007,240.97439149575695,37.31253501273355,0.3350878278777861,1709.2758053719342,-0.0,70.75151075327751,0.2414477766984419,220.1312435180321,13.23722140911374,30.083547530728325,6.61861070455687,16.044558683055104,3.529925709096997,14.038988847673219,3.088684995459873
464,616.3978007630436,88380.3124297265,4800.03073884019,17.80506994676274,4186.826266182816,-0.0,170.97166454166486,0.5834607323929759,2192.4567938709447,2172.1799376391555,180.58280664141202,1.0270997916821574,200.40954782591754,-0.0,8.235699124591324,0.02810528315252638,1152.7261399136992,247.07108619621462,36.943334965959764,0.33177220106005356,1700.3945914894744,-0.0,70.1044888634706,0.239239739087572,2568.1200661702424,30.022121541207042,154.74553958085502,15.011060770603521,82.5309544431227,8.005899077655211,72.21458513773233,7.00516169294831
465,614.9370212327526,90169.41911852817,4836.208994903537,17.939268333149627,4168.923863577998,-0.0,169.08765631224475,0.5770313347245454,2193.8017615042336,22929.190307592857,1047.37844088129,5.957168339828303,199.72831083823695,-0.0,8.177631594338324,0.027907120937632517,1151.3211154856003,251.32855102156438,36.70170146505979,0.3296021945211935,1694.4999127207248,-0.0,69.64111800268957,0.23765843201820683,5046.114088687697,37.602953632769264,242.76128429169512,18.801476816384632,129.47268495557068,10.027454302071803,113.28859933612443,8.77402251431283
466,613.3806753953995,92661.39738241518,4887.061067918226,18.127897274551614,4165.672960097918,-0.0,168.69509466077648,0.5756916723349379,2195.4525172988883,23254.965431821824,1052.7932986704113,5.987966395361014,198.85132798095103,-0.0,8.093056161492454,0.027618497415582876,1150.0570763741075,4957.699284920281,160.67072557705316,1.442914677836528,1687.041414011146,-0.0,68.99789435071698,0.23546335633663995,5891.907512214647,39.596327810754474,269.18199854921806,19.798163905377237,143.56373255958295,10.559020749534525,125.61826598963509,9.239143155842712
467,612.0903426784356,96063.74908182642,4957.419001525211,18.388880588480294,4154.560483860694,-0.0,167.13326097375648,0.5703617328426389,2200.7908139531382,23947.07242853151,1064.5823682008638,6.055019018387847,198.22187364403484,-0.0,8.020453259909234,0.02737073155189335,1149.8701856503144,265.39999356739065,35.98520119245137,0.32316761375791214,1679.6010213522673,-0.0,68.25353307602032,0.2329231367297024,5372.40768040471,38.39658423262543,253.11671857782892,19.198292116312714,134.99558324150874,10.239089128700114,118.1211353363202,8.959202987612601
468,612.1362085196305,95881.93375831227,4953.630780225912,18.374828689882634,4154.4415899372225,-0.0,167.11382633114698,0.5702954098595813,2200.9521299315775,2318.4660597125007,180.32234921395897,1.0256183894686548,198.19772790393492,-0.0,8.017346665558462,0.02736012993659056,1149.8889281339934,265.7180715654518,35.97032003087921,0.32303397244659915,1680.127414140474,-0.0,68.31118767452571,0.23311988976687945,2781.4437363439215,30.831384722041406,163.20048428073736,15.415692361020703,87.04025828305993,8.221702592544375,76.16022599767741,7.193989768476328
469,612.548431567971,34819.33904553731,1837.37078127412,6.815480370575393,4153.145127420925,-0.0,166.89631445007583,0.5695531252139111,2200.52842550355,2314.1049816398363,180.3223204122378,1.0256182256532709,198.60411701813192,-0.0,8.066175116658593,0.027526762717039122,1149.8066468277125,261.90382897202386,36.15238729332053,0.32466904021881826,1683.3654654816794,-0.0,68.64715346766357,0.23426641219355576,233.2784525754362,13.495670904857983,31.2697450736945,6.747835452428991,16.677197372637067,3.5988455746287955,14.59254770105743,3.148989877800196
470,256.29196532877455,36339.791006997075,1972.533488428802,7.316848296328388,3860.152734254022,-0.0,157.6451526901255,0.5379824574636939,541.4394230085459,3696.3537681469056,178.39631622917844,1.0146637027283536,179.3831913808209,-0.0,7.371047691809783,0.025154559361026917,183.2586938373816,847.4209758286057,27.825052963762154,0.24988483240362774,3101.481630697915,-0.0,127.85331668445728,0.4363143447866798,281.6935102369203,14.371272289607656,35.45894564451641,7.185636144803828,18.911437677075416,3.832339277228708,16.547507967440993,3.35329686757512
471,255.91592138865732,36781.57630235913,1981.4561140043,7.3499455786426475,3852.0768863361836,-0.0,156.84155104382592,0.5352400731840583,541.546578374496,3730.343938563772,178.9111564344002,1.017591956405255,178.90611084953034,-0.0,7.330705310375392,0.02501688628238382,183.09863297769328,857.4777184986195,27.893256313238236,0.2504973373492748,1567.7245967322945,-0.0,64.45609369741192,0.21996393224982297,265.8929021002468,14.097383646170162,34.12026689096889,7.048691823085081,18.197475675183412,3.7593023056453765,15.922791215785484,3.2893895174397043
472,255.76605865176617,36973.989788795254,1985.3546882664812,7.36440681674871,7437.311093418059,-0.0,302.43692936387873,1.0321012711806934,541.6096484916319,3744.574238878984,179.12857958783246,1.0188285928256902,178.79649858721962,-0.0,7.3210229925074435,0.024983844244162817,183.06317912262242,860.0809113367583,27.911269748555434,0.2506591082638213,1566.8519526776386,-0.0,64.38516988387903,0.21972189646980686,311.8014685860214,14.866052294599328,37.9425656637549,7.433026147299664,20.236035020669277,3.964280611893154,17.70653064308562,3.46874553540651
473,255.78052634671315,36954.93793261202,1984.9683282393125,7.362973666070589,7441.444081994315,-0.0,302.87747417819156,1.0336046817060571,541.5744030795344,3736.9194098977227,179.01148451715702,1.0181625918650528,511.8459097733847,-0.0,20.96725003977228,0.07155318454240665,183.07581949287348,859.1322781833612,27.904688497672847,0.2506000048804084,1567.1871405498753,-0.0,64.41251701214469,0.21981522173238477,316.16402662029867,14.935064026195345,38.295660071396426,7.467532013097673,20.424352038078094,3.9826837403187585,17.871308033318332,3.484848272778914
474,255.8157982250361,36908.93132204414,1984.0356530923284,7.359514032761308,7442.847383220952,-0.0,303.02437516293276,1.0341059984381373,541.5428239638774,3729.4132536516595,178.89697524121488,1.0175112981142618,178.92074268090633,-0.0,7.331984957890709,0.025021253228675728,183.09558592142642,857.6946657913068,27.89475193734461,0.25051076890606816,1567.6679733846213,-0.0,64.45151829345873,0.21994831815055876,311.4156134930109,14.859917504398513,37.91125652441439,7.429958752199257,20.21933681302101,3.9626446678396037,17.691919711393382,3.467314084359653
475,255.8105685187562,36915.7137402598,1984.1731229780219,7.360023958856268,3851.654898785016,-0.0,156.79754320309976,0.5350898912983644,541.5423485518796,3729.294588855854,178.89516744254377,1.017501015908148,178.92065694919754,-0.0,7.3319774686624575,0.025021227670811438,183.09213739173026,857.9416582424919,27.89645593192897,0.25052607174849884,1567.5832180258917,-0.0,64.44466289819434,0.2199249233152068,266.72821080210184,14.112130633195946,34.191689266120214,7.056065316597973,18.23556760859745,3.7632348355189187,15.956121657522775,3.2928304810790543
476,255.68398486697535,37084.15920717258,1987.590341632407,7.372699672924593,3847.8156062099924,-0.0,156.38613058007883,0.5336858977712088,541.6633567450363,3755.150564350309,179.29089206985944,1.0197517765970463,178.7199836107042,-0.0,7.314159281162906,0.024960421029218083,2988.5992113721977,862.345270243018,100.8589507967965,0.905770855102645,1566.115213575148,-0.0,64.32458615249826,0.2195151474252954,327.70197909266346,15.114575656275008,39.221780025267826,7.557287828137504,20.91828268014284,4.030553508340002,18.30349734512499,3.526734319797502
477,255.79575154195516,36935.00308292676,1984.5641424115581,7.361474392977099,3852.0257463703947,-0.0,156.83622975733593,0.5352219136737031,11040.758761724986,3751.624736915386,599.7610737403619,3.411257612808227,178.75856058921667,-0.0,7.317630940833636,0.024972268472474447,2988.690492555605,861.895804540929,100.87663434647934,0.9059296634562015,1567.8906673951271,-0.0,64.46949202264945,0.22000965559630198,619.4417282578224,18.68829826047601,59.96183229812844,9.344149130238005,31.979643892335172,4.983546202793603,27.982188405793277,4.360602927444402
478,4750.686689554014,36692.628151461824,2257.134983494601,8.372539353803615,3862.499574876547,-0.0,157.8667753105741,0.5387387704866057,11039.630630148682,3740.2723093224067,600.2679683831336,3.414140674555237,179.39728042978115,-0.0,7.372199583028337,0.025158490324065835,2990.9163842111325,852.3122268979212,101.26106698340605,0.9093820876141725,1570.9705427944123,-0.0,64.7126704169634,0.22083953020990496,784.7148225108377,20.2211983604904,70.20194760253753,10.1105991802452,37.44103872135335,5.39231956279744,32.760908881184186,4.71827961744776
479,256.30541368513843,36324.91659536551,1972.2337555081106,7.315736477277923,3875.06996071817,-0.0,158.98402955458656,0.542551530812875,11036.131301498062,3685.1464939317702,602.804417513286,3.4285672216980396,179.84291790882028,-0.0,7.407646781155901,0.025279458019129404,2993.673656447245,842.7907471929673,101.65745181685533,0.9129418493081686,1574.42971956335,-0.0,64.97516366475679,0.22173531901219753,617.645582464611,18.6702177841925,59.8458651797954,9.33510889209625,31.917794762557545,4.978724742451333,27.92807041723785,4.356384149644916
480,256.3140960236543,36315.343944932654,1972.0408811099144,7.315021035578137,3867.9684635371987,-0.0,158.36611813826627,0.5404428360856715,541.4309147173893,3692.3544758245353,178.3361569623365,1.0143215352120198,179.80910309137977,-0.0,7.405019542064831,0.02527049225952031,2993.58022242986,843.0844469089076,101.64500257839497,0.9128300480522904,1574.401282089539,-0.0,64.97304666299891,0.2217280944969573,323.1600209390667,15.044421062526894,38.85852771415384,7.522210531263447,20.72454811421538,4.011845616673838,18.13397959993846,3.5103649145896085
481,256.1137101180828,36542.64492034946,1976.6255857993374,7.3320273824375235,3856.8595936800407,-0.0,157.32569621500846,0.5368922750089629,541.453777756357,3702.336791483571,178.48647977306203,1.015176525398809,179.1321221985581,-0.0,7.350157498394544,0.02508326914119686,183.17629202230418,852.3068097658019,27.8579111936994,0.2501799180335326,1571.2255950713584,-0.0,64.73238615051031,0.22090681244854832,264.3689537887283,14.070399273702861,33.989769938398936,7.035199636851431,18.127877300479437,3.7521064729874296,15.861892637919505,3.283093163864001
482,255.6840601422822,37084.05647662291,1987.588255752157,7.372691935631694,3847.7120000318178,-0.0,156.37473286064593,0.5336470017252134,541.6641802196441,28509.499722868553,1218.2255009081894,6.928894181433957,178.71829979062142,-0.0,7.314007223592648,0.024959902115036913,183.03411232240265,862.3598297174591,27.927159161408166,0.25080180424621057,1566.109274256769,-0.0,64.32409503559268,0.2195134714316143,1154.0765817118142,22.995762444875588,90.78853519477377,11.497881222437794,48.42055210387934,6.13220331863349,42.36798309089442,5.365677903804304
483,254.882556546247,38451.775988109635,2015.5613354343213,7.476454321221677,3846.299882379079,-0.0,156.21769180064607,0.5331110808044636,541.9272633663776,3796.3859110367853,179.92956121090464,1.0233843314006934,177.71901723253498,-0.0,7.2133822850856335,0.02461650778431147,182.81205976836276,893.2252946074008,28.153134469943158,0.25283119129442805,1557.4819154484892,-0.0,63.553205493200345,0.21688272101923406,276.99490002641454,14.290920230287213,35.06354096713676,7.145460115143607,18.70055518247294,3.8109120614099234,16.36298578466382,3.334548053733683
484,255.64954023863626,100192.94366845956,5339.076168674199,19.804586638398842,3847.7239049620794,-0.0,156.37604336499433,0.5336514739740447,541.6777069283703,3757.798394566993,179.33162349364886,1.0199834444820854,178.70347810966067,-0.0,7.312666829513256,0.024955327864014946,183.02466239899925,863.1332218020096,27.932576854320796,0.2508504582159712,1565.867209866225,-0.0,64.30404125231377,0.21944503555885994,3342.922630421308,32.78020856774072,184.48404308099086,16.39010428387036,98.39148964319507,8.741388951397525,86.09255343779573,7.648715332472835
485,254.93117599006408,103466.95392647582,5406.418286802776,20.054383189479303,3831.0878696097407,-0.0,154.2316152438712,0.5263333630726345,542.8992069000467,3895.3824616536726,181.50074256812255,1.03232073057793,177.93312829751616,-0.0,7.237132903653977,0.02469755953836569,182.82680788245563,5179.94247449045,141.32584557949082,1.2691866313039775,1558.786235511601,-0.0,63.67861670673878,0.21731070140240213,3960.654220251714,34.686348263061916,206.56300807810962,17.343174131530958,110.16693764165845,9.249692870149843,96.39607043645115,8.093481261381115
486,254.50904118109102,106770.05409984464,5475.252120948175,20.30971306096234,3824.8412760784827,-0.0,153.0988039943768,0.522467512651953,544.419488165988,4000.5884245322845,183.22911469488614,1.0421511827918732,177.4203308315664,-0.0,7.177107749468256,0.0244927167036358,182.8181081378208,910.7674836839484,28.290254101635366,0.25406260372801004,1552.8123071319396,-0.0,63.06560232017356,0.21521871835999803,3584.6981314537575,33.55215869279672,193.27528330313442,16.77607934639836,103.08015109500505,8.947242318079127,90.19513220812944,7.828837028319236
487,254.53512144244527,39459.25813921695,2036.439076146035,7.55389749896938,3824.7673889555235,-0.0,153.0828974522812,0.5224132297231073,544.4522296370197,4002.543984535589,183.26181489217865,1.0423371715161145,177.41016403580645,-0.0,7.175791674333306,0.02448822544384617,182.81959560283227,911.2692912892142,28.294266947667882,0.2540986413722008,1553.429857457563,-0.0,63.134289373236946,0.21545312093421237,284.5112800419361,14.419031831938291,35.69501618312233,7.2095159159691455,19.037341964331908,3.8450751551835443,16.65767421879042,3.3644407607856013
488,162.87585466323196,44665.40583251334,2382.7516291755014,8.838497445431706,6874.907454790333,-0.0,279.4303541205085,0.9535886516929205,4625.337756713021,6991.448701543429,478.34101546967435,2.7206574450774226,470.18537623292286,-0.0,19.23967014170104,0.06565761678678951,35.82702385951828,2372.054858173479,64.6179683446332,0.5803061798692939,2801.5015895697657,-0.0,115.04314475518888,0.3925981400227644,797.0918548051964,20.326958218321344,70.93820107349376,10.163479109160672,37.83370723919667,5.420522191552358,33.10449383429709,4.742956917608314
489,162.75902104010896,44984.543893399794,2389.2743879572417,8.862692743894067,6878.525288286924,-0.0,279.8219935124887,0.9549251667645334,4625.775742645066,7008.002458646372,478.4141716964417,2.7210735353280415,168.0330302016022,-0.0,6.876983249282189,0.023468506866543382,35.82200159540233,2378.108618773392,64.67747776727502,0.5808406083975218,2799.2275308868834,-0.0,114.85237488661996,0.3919471156116017,794.2088252465652,20.302421515293464,70.76704521040867,10.151210757646732,37.74242411221797,5.413979070744924,33.02462109819071,4.737231686901808
490,162.75688530378272,44990.63764506133,2389.3991078387635,8.863155375559376,6878.352112043278,-0.0,279.8034856563849,0.9548620065484457,109.84277520717643,7008.132983751948,297.97795184926093,1.6948074845131267,168.03243916970612,-0.0,6.876929918793612,0.023468324870035317,35.82161460231223,2378.5922011900316,64.68223928230044,0.5808833695159163,2799.1276800641085,-0.0,114.84390920372294,0.3919182254820207,626.9640151487612,18.763642179733385,60.4462922857499,9.381821089866692,32.23802255239995,5.003637914595569,28.208269733349955,4.378183175271123
491,162.70681399690142,45136.5102448785,2392.3865983172936,8.874237070621264,6871.5032353027045,-0.0,279.05161735280313,0.9522961683304764,109.84864357851927,7016.937156700491,298.13797826942005,1.6957176658635331,167.8067804689645,-0.0,6.856119554946632,0.023397307077911267,35.81301665362972,2390.1027687390842,64.79591783212165,0.5819042676758212,1400.399668749315,-0.0,57.40193764228491,0.19589080253343222,599.461335372515,18.485164923153658,58.665400696566564,9.242582461576829,31.2882137048355,4.929377312840975,27.37718699173107,4.313205148735854
492,162.66344738967828,45267.86631486675,2395.0799902294657,8.884227846514058,3530.825299687246,-0.0,143.27563443785348,0.4889448016270934,109.85791916351614,7030.2013201802365,298.37937871913704,1.6970906778142703,167.75761606301228,-0.0,6.851458028341182,0.02338139907505842,35.81027765032417,2394.1397135567645,64.83594207217034,0.5822637081602534,1399.9949697723853,-0.0,57.36667140272818,0.19577045238058274,535.9217560572555,17.807518328356974,54.443016759715,8.903759164178487,29.036275605181327,4.748671554228526,25.40674115453367,4.155087609949961
493,162.50721577364288,45789.031686694936,2405.796596430588,8.923979659238698,3525.8382814990987,-0.0,142.6702583141682,0.48687888504702415,109.93645032990386,7122.292801846939,300.0656911722217,1.7066819074639104,167.45343345070793,-0.0,6.821421377136896,0.023278895501982335,1536.952670891192,2421.2044617520296,103.71114524863403,0.9313851866731251,1397.465385221904,-0.0,57.139292517421936,0.1949944954329381,591.2909059602758,18.40079854403652,58.13112437898361,9.20039927201826,31.003266335457905,4.906879611743071,27.127858043525684,4.293519660275188
494,162.54318061486225,45661.33697212622,2403.1663076224922,8.91422295584316,3527.6370833962087,-0.0,142.8956256189987,0.48764797724184106,109.92466879426938,7110.114066633798,299.84164356401817,1.7054075931701376,167.4992593383604,-0.0,6.826090914505936,0.02329483084249961,35.79669376240041,2418.580238169953,65.07997982752778,0.5844553062742649,1398.2699756158443,-0.0,57.212995287552374,0.1952460147262372,541.1657432984797,17.865412017147207,54.79758953777969,8.932706008573604,29.225381086815837,4.764109871239255,25.57220845096386,4.168596137334348
495,162.47877367255393,112422.77577137282,5884.262181510513,21.8268809987247,3525.181857026157,-0.0,142.58575360769808,0.4865905028869752,109.95112888277254,7136.896225528063,300.33476554517534,1.708212320228822,167.41051254776355,-0.0,6.816996001364652,0.023263793391371735,35.79357119935255,2425.9934696457995,65.15458527000081,0.5851253056634145,1397.0488157056932,-0.0,57.10058148184359,0.1948623895121659,4900.375291104056,37.237402965611174,238.0642813642783,18.618701482805587,126.96761672761508,9.92997412416298,111.0966646366632,8.688727358642607
496,162.20014184532994,115720.59279110486,5952.903170244038,22.08149553602882,3513.9437011839345,-0.0,140.8321832438183,0.4806062396375373,110.29298925434121,36540.63574346593,1491.8764061492748,8.485336862740127,166.87733991748524,-0.0,6.756681808977187,0.02305796418009032,35.78514251134911,2491.44779400931,65.82513780595494,0.5911472495670953,1392.3273033846444,-0.0,56.62937006970668,0.19325432564746434,10353.653548765426,47.782347266701706,392.61349558202556,23.891173633350853,209.3938643104136,12.741959271120455,183.21963127161195,11.149214362230397
497,162.1238997092673,123437.54536047774,6117.00065983435,22.69019315469233,3507.9835713943166,-0.0,139.14928761521148,0.4748631621595228,111.03374999154093,7739.430064157838,311.85386146507966,1.7737294159022445,166.10829841595262,-0.0,6.627481442930214,0.022617052872352324,35.886226482003686,2645.055459651001,67.48314670075656,0.6060371142994573,1384.3627006685897,-0.0,55.562545052712885,0.18961366093603982,5473.353625301949,38.63558034129292,256.27756944045365,19.31779017064646,136.68137036824194,10.30282142434478,119.59619907221168,9.014968746301681
498,162.06630738987172,49404.55862671167,2481.582725187378,9.2050981347081,3508.15192262907,-0.0,139.23158371137234,0.47514400717947286,110.9206459660628,7693.320795910427,310.9424668628569,1.7685456820601737,166.3217592090585,-0.0,6.674236919720575,0.02277661138635883,35.834014672570866,2592.463807939515,66.9020260050873,0.6008183192864627,1386.4665992412495,-0.0,55.90525745606918,0.19078320695641965,590.707904324135,18.39474894236548,58.092907305162655,9.19737447118274,30.982883896086747,4.905266384630795,27.110023409075907,4.292108086551946
499,162.43818273772752,46050.53207653684,2411.1923617304296,8.943994526602488,3524.8448648016665,-0.0,142.54186470692673,0.4864407268977397,109.96993442142363,7154.7953308729375,300.66519188550365,1.710091684226035,167.3654794474097,-0.0,6.812296417198813,0.023247755512658362,35.791244668174286,10838.34554657734,287.4334340598013,2.5813160388508143,1396.5244457295034,-0.0,57.05128700008915,0.19469416634779252,867.6272465206796,20.90967734765629,75.06371333147047,10.454838673828146,40.033980443450915,5.575913959375011,35.02973288801955,4.8789247144531345
500,3541.418002618105,46610.83057958156,2627.0462391931983,9.744675521289865,3523.987970495372,-0.0,142.42863530336734,0.48605431836094326,109.99210374169944,7174.887577215591,301.03693105910685,1.7122060229876763,167.33724925249982,-0.0,6.809319670352757,0.023237597017099435,35.78982541169922,10858.126142211864,287.6368059800129,2.5831424345907927,1393.8037550182507,-0.0,56.78403126555397,0.19378212500441472,1026.4344595944508,22.114647028876185,83.96444197234953,11.057323514438092,44.781035718586416,5.8972392077003155,39.183406253763124,5.160084306737777
501,162.2959685410831,46685.07544987768,2424.3384432635,8.992758152078503,3526.422018125476,-0.0,142.74435677758635,0.48713175468978664,109.98240797905287,7166.2242059734,300.8765372302673,1.7112937519290292,167.37441977972023,-0.0,6.813234141080599,0.02325095560469885,35.78990328800178,10856.979637170807,287.6250067953389,2.583036471188365,1393.9879236790575,-0.0,56.80280063367822,0.19384617766075216,877.2851517516336,20.9869758947267,75.61972773897482,10.49348794736335,40.33052146078656,5.596526905260453,35.28920627818825,4.896961042102897
502,162.2806435431159,46764.50572742634,2425.9894084220723,8.998882185803993,3523.0594456077115,-0.0,142.30312917708918,0.4856260140769885,110.00579445859962,7186.818718602114,301.25809154071675,1.7134639161881122,167.30393940241498,-0.0,6.805775695599367,0.023225502790195005,35.78864776906703,2440.9569987570017,65.30600509324923,0.5864851419664862,1393.497488913631,-0.0,56.75257414828885,0.19367477392534743,553.6764953272753,18.002036302126683,55.63891448184406,9.001018151063342,29.674087723650167,4.800543013900449,25.964826758193897,4.200475137162893
503,42.281763449502385,60077.80480855706,3134.7352555817133,11.627879804724277,6187.8473665604215,-0.0,250.1271594925445,0.8535880846696096,0.04170823041817353,11770.941231076311,487.3185433924766,2.771718879057906,416.8773632809263,-0.0,16.964903956001404,0.05789471204880793,-0.0,4726.206845724387,124.89933785216047,1.1216672308641424,2466.4589547798464,-0.0,100.7486334989871,0.34381645430249325,1512.4259118360785,25.16484774850086,108.72364312958445,12.58242387425043,57.98594300244503,6.710626066266896,50.7377001271394,5.871797807983534
504,42.22432618429564,61493.72949925576,3164.24613826986,11.737346464219069,6178.704494725075,-0.0,248.81835710658507,0.8491216439835656,0.0417680832699229,11976.873470089307,491.21894808344155,2.793903188406477,415.9326710458352,-0.0,16.858735770989938,0.05753240074330779,-0.0,4817.9777988099995,125.85696178261841,1.1302672394851443,1238.2798784379345,-0.0,50.367956589193795,0.17188652236293225,1502.5737519950405,25.11008618880074,108.25096805689118,12.55504309440037,57.73384963034195,6.696022983680197,50.51711842654922,5.859020110720173
505,42.22221124302486,61562.372851937165,3165.6842146336703,11.74268081552629,6178.120934659212,-0.0,248.72705237092055,0.8488100559313315,0.041769499058370976,11981.164769976023,491.30080644545563,2.7943687737417355,154.63447953534057,-0.0,6.267190456954328,0.021387517889958504,-0.0,4819.132900906314,125.86914751757496,1.1303766743293941,1238.2402716355714,-0.0,50.36370765245729,0.1718720223710955,1494.359215312371,25.064243789684706,107.85607063210837,12.532121894842353,57.523237670457796,6.683798343915922,50.33283296165056,5.848323550926431
506,42.220857106865495,61607.390833193,3166.6277194683594,11.746180620108959,3200.888446860162,-0.0,128.84181253696352,0.4396877020948446,0.04177192039859747,11988.457063381378,491.439964903247,2.795160264502493,154.62413439122383,-0.0,6.265939578027518,0.021383249119827922,-0.0,4822.379071709167,125.90341062137982,1.130684376527232,1238.1334838612572,-0.0,50.352217322084485,0.17183281027947359,1388.422691183698,24.45739353394924,102.69651955004966,12.22869676697462,54.7714770933598,6.52197160905313,47.925042456689845,5.70672515792149
507,42.20299621727266,62313.11452907953,3181.4582582468965,11.801192513712756,3198.040797411265,-0.0,128.35756424402277,0.43803514835492113,165.57548354561825,12135.364701342807,500.669079121878,2.847652644412115,154.4316769373114,-0.0,6.241482281516967,0.02129978574493096,-0.0,4874.802129474917,126.46034798488378,1.1356859914359172,1236.5032540149195,-0.0,50.16995020780296,0.17121080250833248,1416.7516552551122,24.622615329253463,104.08873789285174,12.311307664626732,55.513993542854266,6.56603075446759,48.57474434999748,5.745276910159141
508,42.203146651032846,62305.92186234064,3181.306726779077,11.800630428065714,3198.1662428930445,-0.0,128.38047069414995,0.4381133192857801,0.041824279213017186,12134.050019626027,494.23287337203624,2.811045473952012,154.43779344245925,-0.0,6.242298553836909,0.021302571369361197,-0.0,4873.806104933029,126.44970273087425,1.1355903909884524,1236.5380376105684,-0.0,50.17398686949305,0.1712245780868322,1407.1491999567618,24.566860142622225,103.61787675539885,12.283430071311113,55.262867602879375,6.5511627046992595,48.35500915251946,5.732267366611853
509,9813.201498209351,62576.296171976916,3770.4260308810935,13.98588943727345,3197.294067198184,-0.0,128.21747250673744,0.4375570689734176,0.041843188018705665,12182.05182070187,495.15982909227046,2.8163177146755802,154.37820935607905,-0.0,6.234219286142191,0.021274999926695563,-0.0,4892.899016924966,126.6541929412357,1.1374268296112613,1235.9897695481452,-0.0,50.109510563353915,0.17100454517726915,2050.989949989646,27.85420589345651,133.2039013885094,13.927102946728255,71.04208074053834,7.427788238255069,62.16182064797107,6.499314708473186
510,42.20323381168721,62301.76849929768,3181.2192294216634,11.800305868358981,3203.023109443056,-0.0,129.1667666734062,0.44079664595961443,0.04180101612648368,12071.942574103354,493.03805956576474,2.8042497383316363,154.53785998877296,-0.0,6.255270265386708,0.02134683884690799,-0.0,4862.687164713766,126.33103383427475,1.134524676670607,1236.9674897261475,-0.0,50.2232586586577,0.17139272381009799,1405.786059720555,24.558924737966766,103.55094781305014,12.279462368983383,55.22717216696007,6.549046596791137,48.32377564609009,5.730415772192246
511,42.19311191348719,134758.10954201003,6840.777263344661,25.37494534743459,3196.402621003267,-0.0,128.04068848940219,0.43695377290967335,0.041865976541089964,12237.38838324186,496.23224538293334,2.8224172906497405,154.31657301160422,-0.0,6.225536438609467,0.021245368697484095,-0.0,4914.251842614996,126.88396410322888,1.1394903055866934,1235.403497306781,-0.0,50.03840930102999,0.17076190383257153,8618.728556114314,44.94872098366613,346.9346288608079,22.474360491833064,185.03180205909754,11.986325595644301,161.90282680171035,10.488034896188763
512,42.18513932079019,137434.48973336298,6897.68894931214,25.5860516099924,3192.051387227627,-0.0,126.88407940578293,0.43300670960634796,0.042019756145731696,12561.094916411439,502.5892178877536,2.858573806637419,154.08874068879453,-0.0,6.189555550335186,0.02112257972259203,-0.0,12572.062345538978,321.08550141273145,2.88353078113627,1233.4313704357714,-0.0,49.77866235021265,0.16987548708879704,10448.782076109519,47.92824146127574,395.08723880718236,23.96412073063787,210.71319403049725,12.78086438967353,184.37404477668514,11.18325634096434
513,42.186697205308526,138384.2203899548,6918.013910503191,25.661444326281412,3191.9366917248435,-0.0,126.83903189917915,0.432852979739671,0.042042241816462704,42905.22319305823,1713.8172661130284,9.747668616655034,154.05953136739492,-0.0,6.1843371467613135,0.02110477131217913,-0.0,12609.441932854088,321.498273228731,2.887237707272092,1232.628559531286,-0.0,49.66085868017878,0.16947346833451515,18883.224551362564,58.37967280439236,770.6978875352946,29.18983640219618,411.0388733521571,15.567912747837962,359.6590141831374,13.621923654358216
514,42.367209069932336,149699.4265768214,7165.801173376511,26.580577929255455,3191.8106803652086,-0.0,124.72626144795059,0.4256429043265511,0.04258666897099458,13427.49953113013,520.3466261967102,2.959572515839903,153.69272732924233,-0.0,6.04844305199348,0.020641016875011575,-0.0,13569.76896799293,332.5971866932281,2.9869122751713952,1228.3604680031165,-0.0,48.59534168712665,0.16583726740724478,11657.096524518633,49.708775863313335,426.97397345951083,24.854387931656667,227.71945251173915,13.255673563550223,199.25452094777168,11.598714368106444
515,42.33078909636354,148344.09570219938,7135.544276980343,26.468344032012563,3192.082053559094,-0.0,124.62681091318444,0.4253035177854709,0.04257091749873895,13407.053135579166,519.9144473798999,2.9571144148668864,153.69965977423593,-0.0,6.075593771804795,0.020733671870847133,-0.0,5343.912845206189,131.75457076972623,1.1832311290865358,1228.5927131508713,-0.0,48.74135393848972,0.16633555123308827,9747.831049833545,46.831593475283086,376.835631107799,23.415796737641543,200.97900325749282,12.488424926742155,175.8566278503062,10.927371810899388
516,42.28755340623187,68365.05856728462,3311.9636545717085,12.285284769870835,3191.473401839462,-0.0,124.86667869055071,0.4261220945328798,0.04251096338127538,13327.906188265673,518.2476862535129,2.9476343871857607,153.71020795989628,-0.0,6.084848291058112,0.020765253996434786,-0.0,5305.362768731899,131.2978969935731,1.1791299383299259,1229.008478760588,-0.0,48.90921189010297,0.16690838605720254,1580.8511444723374,25.53876724495956,111.97865379819864,12.76938362247978,59.721948692372614,6.810337931989215,52.256705105826036,5.959045690490564
517,41.199347488142756,64754.6981988279,3280.961326529496,12.17028579396064,2924.9828847823296,-0.0,117.14427688774413,0.3997684983169386,-0.0,13030.96265750158,527.6110761128602,3.000890485885519,136.47920411523475,-0.0,5.50311659556016,0.018780026783367976,-0.0,6149.923379947587,158.50747560137808,1.4234874602738974,2199.983851193873,-0.0,89.05261243679722,0.3039024192293542,1663.3803407908836,25.97567202667457,115.8427787086554,12.987836013337285,61.782815311282874,6.926845873779885,54.05996339737251,6.0609901395574
518,41.19759405359058,64943.07740403493,3284.9568077120243,12.185106495284538,2924.4312737661794,-0.0,117.02692098893668,0.39936800763415564,-0.0,13064.050270196241,528.2558314512539,3.0045576571188537,136.44329908852293,-0.0,5.497758973762398,0.018761743274539854,-0.0,6165.955067404929,158.6812749862361,1.4250482777937656,1130.688655722866,-0.0,45.72915104665944,0.15605605778547524,1626.7060671160827,25.78334735833699,114.1337222342543,12.891673679168495,60.87131852493563,6.87555929555653,53.26240370931867,6.016114383611964
519,41.19670785948804,65059.44876104829,3287.427752834922,12.194272134660931,5614.802990078066,-0.0,224.56693124787395,0.7663608266807117,-0.0,13080.174757383738,528.5705452583911,3.006347653031321,136.42852341418214,-0.0,5.495504505381651,0.01875404963842703,-0.0,6171.731307954802,158.74402175619616,1.4256117795457932,1130.5772036593291,-0.0,45.714577337651136,0.15600632330488476,1736.5365638749415,26.351029150293108,119.21490165834739,13.175514575146554,63.581280884451935,7.026941106744829,55.63362077389545,6.148573468401725
520,41.196992756363095,65019.82684467762,3286.586214564867,12.191150561367667,5615.430647852061,-0.0,224.70650215779708,0.7668371286781379,-0.0,13062.441008806712,528.2244405426675,3.0043791152284625,373.7899717794595,-0.0,15.062404909775584,0.05140221231288037,-0.0,6166.281096787704,158.68481482662463,1.4250800675777198,1130.6942049535492,-0.0,45.72987351651933,0.15605852329807765,1744.7207935242288,26.39236141269442,119.58917819705593,13.19618070634721,63.78089503842983,7.0379630433851785,55.80828315862611,6.1582176629620315
521,41.197535821924745,64950.16092063583,3285.107154149174,12.185664185219323,5615.774358031813,-0.0,224.78102702576712,0.7670914534761322,-0.0,13044.691270708292,527.8784264764276,3.0024110930121517,136.46254111033565,-0.0,5.500650757410752,0.01877161182328396,-0.0,6158.683889046574,158.6023842168915,1.4243397937272109,1130.8359097548066,-0.0,45.748223190332496,0.15612114369866215,1732.6980311274965,26.33159892143515,119.03915756823987,13.165799460717574,63.48755070306126,7.021759712382706,55.551606865178634,6.144039748334868
522,41.19749245411823,64955.480874329034,3285.2200743562244,12.186083047575485,2924.5543121424785,-0.0,117.05362446589292,0.3994591363616211,-0.0,13044.4819169144,527.8743477260267,3.002387894326933,136.46232906532967,-0.0,5.500619153291186,0.01877150397054241,-0.0,6159.464753977029,158.61085134589172,1.424415833370834,1130.8195265839977,-0.0,45.746111354436835,0.15611393681252886,1626.2328655134588,25.780847028626916,114.11158716422284,12.890423514313458,60.85951315425217,6.874892540967178,53.252074009970656,6.01553097334628
523,41.196207688122456,65135.81105660247,3289.0503143137544,12.200290808747697,2923.918166792848,-0.0,116.91190530128054,0.3989755031946836,-0.0,13094.337530706283,528.8472456878208,3.0079214404738313,136.41681100249497,-0.0,5.4936954848938635,0.018747876145166913,-0.0,14022.168004456036,360.45097781813394,3.2370551926392395,1130.461790333995,-0.0,45.69935557473961,0.15595437726481737,2203.556782395692,28.528417797698154,139.73035235961115,14.264208898849077,74.52285459179261,7.607578079386174,65.20749776781852,6.656630819462903
524,41.194924519059384,65982.72950324876,3307.107088255112,12.267269988784456,2923.1548910581005,-0.0,116.72790078697253,0.3983475663434541,-0.0,13173.74095645224,530.4033466290025,3.016772066855433,136.3692227672497,-0.0,5.486128773753192,0.018722053861481618,-0.0,6208.500850034547,159.14502138528658,1.4292129847345014,1129.163246272007,-0.0,45.51749321418358,0.15533375076293945,1654.332281775216,25.928487617013392,115.4223076853719,12.964243808506696,61.55856409886502,6.914263364536905,53.86374358650689,6.049980443969791
525,41.19592308175036,137036.99338559527,6914.042551491417,25.646713102913157,2923.8735902972103,-0.0,116.9016127374541,0.3989403786210037,-0.0,13101.936596320704,528.995816022521,3.0087664631128015,136.41154269188402,-0.0,5.4928752323111905,0.0187450769376262,-0.0,6181.77077540695,158.85323932065432,1.4265926155149358,1130.4010337169723,-0.0,45.69128787425701,0.15592684529661124,9227.796692766697,45.9835267235942,363.17484636411575,22.9917633617971,193.69325139419502,12.262273792958453,169.48159496992068,10.729489568838648
526,41.25518581694304,69126.5436881945,3375.1629694522394,12.519714148193362,2920.0012820026805,-0.0,114.63386489706107,0.39120142480438536,-0.0,13984.67236021972,546.7785327256635,3.109909118723471,136.00015517736713,-0.0,5.399527989565029,0.018426518591917004,-0.0,6536.817855186529,162.84808591013984,1.4624686144498475,1126.146492825711,-0.0,44.950335823600255,0.1533982600640629,1762.693670007942,26.482677127240567,120.4090565145446,13.241338563620284,64.21816347442378,7.062047233930818,56.19089304012082,6.179291329689466
527,41.195351030613246,65299.65505549453,3292.5347651260713,12.213215911484506,2923.8482615899234,-0.0,116.89574152383483,0.39892034242022434,-0.0,41909.245702154156,1691.0069438459466,9.617930477767619,136.4016967737032,-0.0,5.491331057296251,0.018739807260410534,-0.0,6190.1450721183755,158.9444970714526,1.4274121621225724,1130.269446584062,-0.0,45.67368207509315,0.1558667634549678,4335.618970552243,35.74812819676544,219.40272426394242,17.87406409838272,117.01478627410262,9.532834185804118,102.3879379898398,8.341229912578603
528,41.21418628493959,67633.519822334,3342.6353407256897,12.39905727406291,2921.90144198634,-0.0,116.37707887504139,0.39715034567988056,-0.0,13356.274514165152,534.0116756570022,3.0372951391340615,136.086132895089,-0.0,5.428655360468787,0.018525919139988797,-0.0,6409.351814598257,161.38397149828268,1.4493200326698548,1127.2902612993205,-0.0,45.20363167996129,0.15426266169611522,1703.6099108081894,26.183417058574218,117.70313456985849,13.091708529287109,62.77500510392453,6.982244548953124,54.92812946593397,6.1094639803339845
529,1182.7053512444309,65426.819390616765,3362.8234577069875,12.473942385117905,2923.4655483809843,-0.0,116.80489016116316,0.39861030155616994,-0.0,13144.584757899444,529.8310150741655,3.0135168199596785,136.3790463974283,-0.0,5.487720861435081,0.018727487046257582,-0.0,6201.627421036026,159.069854238027,1.4285379409162673,1130.060836125999,-0.0,45.645384442212425,0.15577019448460752,1713.4353792609566,26.233657693621325,118.15526452643819,13.116828846810662,63.016141080767014,6.995642051632353,55.13912344567117,6.12118679517831
530,41.195012413736244,65387.6300312827,3294.4074476500928,12.220162376026591,2923.7746106412433,-0.0,116.87857322547968,0.3988617536010824,-0.0,13131.091658738233,529.5665197672278,3.012012451522233,136.38998153051995,-0.0,5.489474105166556,0.018733470194835865,-0.0,6197.160464994006,159.02105517307163,1.4280996975036238,1130.1393736396162,-0.0,45.65609493674671,0.15580674529553878,1639.452255823879,25.850514741215854,114.72914909049364,12.925257370607927,61.188879514929944,6.8934705976575605,53.54026957556371,6.031786772950366
531,26.66857092396301,68674.20895294638,3457.3920870719144,12.82473202631484,2921.0691248470166,-0.0,116.67731385276868,0.3981749325344588,-0.0,13271.600551668083,534.8352968907634,3.04197964489269,142.50004564466502,-0.0,5.733218013879903,0.019565274692238763,-0.0,5741.230833900869,147.23357980061388,1.3222414512769385,1103.3607475475712,-0.0,44.56274361905441,0.15207555649127866,1793.9218969150118,26.638153329303663,121.8270171067264,13.319076664651831,64.9744091235874,7.103507554480976,56.852607983138995,6.215569110170855
532,26.668443972773858,137841.95953426015,6911.884532189415,25.63870821988029,2920.103785146886,-0.0,116.42057838231578,0.397298792818423,-0.0,13367.669685238747,536.7259303017621,3.0527329896806035,142.42956831734367,-0.0,5.7213354600577375,0.01952472409238138,-0.0,5778.975875080084,147.647802735898,1.3259614092908916,1102.7759875560398,-0.0,44.480270734205405,0.15179410815932518,9165.029767849117,45.87903036588287,361.5146272545804,22.939515182941435,192.80780120244287,12.234408097568766,168.7068260521375,10.705107085372669
533,26.675611175393147,140527.35878095764,6969.5805674665025,25.852723920956326,2917.782485569437,-0.0,115.43258763559732,0.39392715924263033,-0.0,44635.54970647286,1769.482057440641,10.064272930431994,142.26665071523786,-0.0,5.689033225825725,0.019414488953164222,-0.0,5889.103238383317,148.8742682946042,1.3369757689395596,1101.3480971448803,-0.0,44.25554480618144,0.1510272047376146,17324.96642638339,56.72751220989194,671.2316068297906,28.36375610494597,357.99019030922165,15.127336589304518,313.24141652056886,13.236419515641453
534,26.689827800687656,142754.22484001642,7017.857111733521,26.031799284059097,2917.8276103470357,-0.0,115.46970170443643,0.39405381532827466,-0.0,44902.79381029179,1774.895186362821,10.095061152698136,142.14447562688952,-0.0,5.655354074178226,0.019299554922783797,-0.0,13491.018318970346,337.94088719585665,3.034901750923824,1100.2146349210434,-0.0,44.03901582040886,0.15028827433670958,20080.287533046125,59.58810574840322,852.4607128617465,29.79405287420161,454.6457135262648,15.890161532907525,397.8149993354818,13.903891341294086
535,26.82325136101132,152017.92226180958,7223.1889240611135,26.793450090002,2919.830351553703,-0.0,113.68925113926848,0.38797782025899097,-0.0,47423.21665863495,1827.466523968826,10.394070847518094,142.0811545911316,-0.0,5.57158763616632,0.01901369218989529,-0.0,6319.66686948305,153.93269438253225,1.3824033178773545,1098.3885171219754,-0.0,43.302107574182166,0.14777348905809354,19183.05043755131,58.68703388535665,790.7829058611475,29.343516942678324,421.75088312594534,15.649875702761772,369.03202273520225,13.693641239916552
536,26.8133786933299,151528.31303437531,7212.145659390952,26.752486581518223,2919.6054940050803,-0.0,113.75155887126387,0.3881904526565361,-0.0,14556.30686232216,561.1550058862808,3.191678102510037,142.07993026220078,-0.0,5.572409538716119,0.01901649702814113,-0.0,6317.429576500297,153.9052933638446,1.3821572411143968,1098.4026567681124,-0.0,43.35207579415102,0.14794401143264935,10379.587544041104,47.82220932938997,393.28782684471963,23.911104664694985,209.75350765051712,12.752589154503992,183.53431919420248,11.158515510190993
537,26.76643727499737,74698.38990317771,3588.642208678645,13.311586740977274,2919.4665149554417,-0.0,113.79185208018829,0.3883279579282578,-0.0,14468.276363507459,559.27669795138,3.1809948612617025,142.0617125304217,-0.0,5.603487396955097,0.01912255384157819,-0.0,6207.660762283849,152.57550384451687,1.3702149734176534,1098.6471653209232,-0.0,43.562745347638284,0.14866294583795034,2001.505301302322,27.628365049896626,131.0526337385037,13.814182524948313,69.89473799386863,7.367564013305767,61.15789574463505,6.446618511642546
538,1166.723706754883,69296.34218529378,3537.8880853468027,13.123321130780695,2920.1409662097944,-0.0,116.43122356411433,0.39733512074203126,-0.0,13388.7275797615,537.1419425522096,3.0550991401670133,142.41967058423765,-0.0,5.719588081709912,0.019518760960108423,-0.0,5789.246854174386,147.7610586897987,1.3269785122986035,1102.6275143533126,-0.0,44.45858328907592,0.15172009722509872,1891.149382803743,27.11095914326032,126.19006005162134,13.55547957163016,67.30136536086472,7.229589104869419,58.88869469075664,6.325890466760741
539,26.66864391080373,69255.44093900894,3469.8025532215333,12.870766985232475,2920.2116830761347,-0.0,116.45127701910049,0.39740355549444817,-0.0,13378.943951511641,536.9485890560286,3.053999404597819,142.4239373696366,-0.0,5.72034397213318,0.019521340524278608,-0.0,5786.134301908836,147.72671278800803,1.3266700665276685,1102.6672356730408,-0.0,44.46441739049448,0.1517400067761676,1812.572867694945,26.730152038729287,122.66996461198428,13.365076019364643,65.42398112639162,7.128040543661143,57.24598348559267,6.2370354757035
540,26.668857078565956,69349.9809784213,3471.8260101066794,12.878272727035911,5432.685179148042,-0.0,216.44126730608667,0.7386310514143603,-0.0,13407.03495631045,537.5040850849311,3.057158896169456,142.4018804706572,-0.0,5.716391979584034,0.019507853889090737,-0.0,5795.497017324295,147.83009122502162,1.327598463804789,1102.504765327597,-0.0,44.4404017891551,0.1516580507375229,1922.3499238086933,27.2592405645767,127.57420971182997,13.62962028228835,68.039578512976,7.269130817220454,59.534631198854,6.3604894650678965
541,26.668759834345547,69309.88013159271,3470.9675582930695,12.875088415222324,5433.0945536622075,-0.0,216.56366343610094,0.7390487424735871,-0.0,13389.603572790149,537.1592608404028,3.0551976412952566,360.0692286795834,-0.0,14.45949758047897,0.04934472078140634,-0.0,5790.5803794454105,147.77578016967814,1.3271107195773173,1102.597072920758,-0.0,44.45409601207755,0.15170478386933925,1930.1888067514749,27.29624253482884,127.92078583357686,13.64812126741442,68.22441911124099,7.27899800928769,59.69636672233586,6.369123258126729
542,26.66872945598838,69296.42427203653,3470.679559312098,12.874020121646764,5433.154905268533,-0.0,216.58126992420839,0.7391088266663308,-0.0,13386.7026007421,537.1019127536479,3.05487146291175,360.0749882964102,-0.0,14.460522575384326,0.04934821869598641,-0.0,5789.021860400026,147.75857525114247,1.3269562096042222,2097.363916753232,-0.0,84.56613400514146,0.28859178867184887,1973.5958981989359,27.49934494229535,129.83150139583617,13.749672471147676,69.24346741111263,7.333158651278761,60.58803398472355,6.416513819868915
543,26.66847820262785,69154.56330488143,3467.6449520672595,12.86276365326249,5433.702845426488,-0.0,216.73650415777354,0.7396385815812823,-0.0,13362.533501971438,536.6245490022219,3.052156363845759,360.1222819120662,-0.0,14.468831065970125,0.04937657238848431,-0.0,5780.753549775005,147.66738823197932,1.326137298206977,1102.7658421180288,-0.0,44.4787990756955,0.1517890859531349,1925.2184036576823,27.272792332857193,127.70108675154856,13.636396166428597,68.10724626749253,7.272744622095251,59.593840484055995,6.3636515443333455
544,26.668554367820004,69205.78872228155,3468.7403834009215,12.86682700880726,5433.413488180133,-0.0,216.65553063829162,0.7393622500083985,-0.0,13365.242254364313,536.6780118421524,3.0524604441332266,142.43481367320916,-0.0,5.722252964691333,0.01952785518388082,-0.0,5781.509233937252,147.6757160656813,1.3262120868994414,1102.7480798477707,-0.0,44.47621896702411,0.15178028103157615,1917.0687202248173,27.23425488909568,127.34044920330336,13.61712744454784,67.9149062417618,7.262467970425515,59.42554296154157,6.354659474122325
545,26.66857943234105,69220.58378231563,3469.0568429672967,12.868000873105467,2920.1393504448542,-0.0,116.43076243546054,0.3973335470867545,-0.0,13367.469265859114,536.7219736533654,3.0527104854742526,142.43296947715817,-0.0,5.721931043752385,0.01952675659115603,-0.0,5782.800447863458,147.68994847229442,1.326339902021513,1102.7255808784953,-0.0,44.47294423279486,0.15176910561934095,1811.2242501474122,26.723521004847726,122.60910990412398,13.361760502423863,65.39152528219945,7.1262722679593935,57.21758462192454,6.235488234464469
546,110.17646360343332,56314.308879918586,2824.5917714921566,10.47744416624719,3000.478170060857,-0.0,119.54279947679147,0.40795373620544045,1.554748734162356,9175.987189627738,367.9562785484065,2.092822811175326,141.6219783642995,-0.0,5.685228283273354,0.019401504143229366,-0.0,3636.751298859308,92.77026541979946,0.8331298508814154,1160.4424604569126,-0.0,46.776780045912474,0.15963121384901896,877.1094757994658,20.98557492375243,75.60963219132034,10.492787461876215,40.32513716870418,5.596153313000648,35.28449502261617,4.896634148875568
547,110.20703933109176,54719.73899873461,2790.756268114585,10.351935906592347,3004.1518147405004,-0.0,120.41920979678277,0.4109445885700688,1.5496067238820952,8955.586841103297,363.6406527687946,2.068276851226772,141.91232526053363,-0.0,5.730672669367044,0.019556588407422817,-0.0,10046.050507533537,259.9420569430664,2.3344278057068584,1163.4178916875946,-0.0,47.169735782059256,0.16097222109852344,1157.6045414758955,23.019170942402987,90.97346534356998,11.509585471201493,48.519181516570654,6.138445584640796,42.45428382699932,5.371139886560697
548,3132.4644650180758,55283.636046770975,2982.288208267634,11.062397938401796,3003.5940450542257,-0.0,120.30687134917052,0.4105612205242851,1.5502715007709549,8987.004689719037,364.25032687884027,2.071744491159212,141.88277610972742,-0.0,5.726546451067731,0.019542507206556085,-0.0,10072.597959937779,260.2276667005743,2.3369927440910065,1162.0927004952016,-0.0,47.00530771400282,0.16041109115180768,1327.1971432159683,24.092474988801992,99.65479855880491,12.046237494400996,53.14922589802927,6.4246599970138645,46.50557266077563,5.621577497387132
549,110.18551672469685,55245.43424958049,2801.859711728545,10.39312264079319,3005.0401869896414,-0.0,120.58878968478875,0.41152329970281903,1.5497665862941057,8963.243365930552,363.7890635105457,2.0691209661498426,141.9230352199023,-0.0,5.732147469971533,0.019561621336377073,-0.0,10057.13765350924,260.0612333230662,2.33549807751484,1162.3445328728496,-0.0,47.03765608259896,0.16052148372991948,1167.4159804666945,23.084022133840485,91.48678080612814,11.542011066920242,48.79294976326834,6.155739235690795,42.69383104285981,5.386271831229447
550,110.18237543647776,55358.67666903731,2804.2580887463478,10.402019098521086,3003.40651265461,-0.0,120.26793507649023,0.41042834595565053,1.5504226152435812,8993.997456383415,364.38627055779705,2.072517697240865,141.87354554242054,-0.0,5.725239582571314,0.019538047365493506,-0.0,3560.055827466564,91.93297584289287,0.8256105133307883,1162.0058639029967,-0.0,46.9940196100814,0.1603725691815211,858.4545635981311,20.835729407393107,74.53372029831245,10.417864703696553,39.75131749243331,5.5561945086381614,34.78240280587915,4.861670195058392
551,110.20988803539917,54666.03248781162,2789.624692400109,10.34773847831688,3004.2229852233636,-0.0,120.43319651685015,0.41099231988248347,1.549462377259191,38339.07951334433,1557.1920476376583,8.856832261521467,141.92107938181164,-0.0,5.731878941971077,0.01956070495327795,-0.0,3545.0311011426224,91.77133531350552,0.8241588892620687,1163.518267175553,-0.0,47.18165612643096,0.1610129006630357,2808.3395902142383,30.93044333189882,164.25086745171453,15.46522166594941,87.60046264091442,8.248118221839686,76.65040481080011,7.217103444109725
552,110.18469524860998,56714.70835050052,2833.1624053384253,10.509235782472919,3002.483279439404,-0.0,120.06620023227845,0.4097399022871133,1.5526439524271154,9091.358883100778,366.28844501566147,2.0833366839747196,141.50424356138146,-0.0,5.661822990491288,0.019321630853669336,-0.0,3675.915724342397,93.2057464414428,0.837040718625316,1159.7091482360397,-0.0,46.66314264189955,0.15924341296312153,882.298463069722,21.026877196765287,75.9075437581594,10.513438598382644,40.48402333768502,5.607167252470743,35.42352042047439,4.9062713459119
553,110.20722957382331,123996.07570091059,6315.829354184593,23.427721517101315,3004.1904394481207,-0.0,120.4268097553365,0.41097052431442627,1.549558572100688,8953.267526954398,363.5957173552973,2.0680212723336284,141.91595760185274,-0.0,5.731174059230341,0.01955829945876947,-0.0,3547.4242463602645,91.79702944095403,0.8243896371689854,1163.4367451164749,-0.0,47.17197996189392,0.1609798796237736,6242.887565142224,40.36746169500134,279.76919030177845,20.18373084750067,149.2102348276152,10.764656452000358,130.55895547416324,9.419074395500312
554,110.25942025830307,58092.350932396555,2862.889410609787,10.619504119690331,2998.160076389987,-0.0,118.019861340162,0.402756532312216,1.5662805165940232,9562.22620369465,375.744594149261,2.1371203690656357,141.3840872699566,-0.0,5.630688602233902,0.019215381124955754,-0.0,3752.866473607215,94.07719508235843,0.8448668240371252,1158.1393203146208,-0.0,46.37760255551162,0.15826897413796254,913.5930885416079,21.27259830055234,77.69202842972341,10.63629915027617,41.435748495852486,5.672692880147291,36.256279933870914,4.963606270128879
555,110.21331830289024,54604.20276150185,2788.322596987042,10.342908530100212,3004.7129982026604,-0.0,120.52755142541398,0.4113143170052412,722.7937228138488,8935.877585765209,391.1230338321883,2.2245882320837143,141.94314649605434,-0.0,5.734888466673905,0.019570975307093445,-0.0,3540.7500890575134,91.72542114900311,0.823746553899524,1163.690900778271,-0.0,47.20200114209013,0.16108233040023143,875.7611840632758,20.974816408194023,75.53212762970652,10.487408204097012,40.28380140251015,5.593284375518406,35.24832622719637,4.894123828578605
556,110.21585232129797,54560.29726570433,2787.3983853533045,10.339480291057667,3004.655073814401,-0.0,120.51656774733947,0.4112768339236388,1.5491749972971847,8934.56720231625,363.2337679044263,2.065962614521718,141.95681155108068,-0.0,5.736730465724153,0.019577261343541687,-0.0,3537.7418800252526,91.6931955839923,0.8234571499611982,1163.7936256027153,-0.0,47.21401575792325,0.16112333167709333,845.6133219368893,20.731316223727283,73.78857686542855,10.365658111863642,39.353907661561884,5.528350992993942,34.43466920386666,4.8373071188697
557,110.21283849926023,54612.67886525703,2788.501058402016,10.343570508772702,5800.114289076486,-0.0,232.54483076320312,0.7935863386194879,1.5493260113757379,8941.97805891574,363.3771305633236,2.0667780174929473,141.9297900948853,-0.0,5.733072179596717,0.019564777015750066,-0.0,3542.3278484064526,91.74233539847314,0.823898453498765,1163.6146457017555,-0.0,47.19303850035207,0.1610517443406836,918.766306716037,21.312674759610502,77.98503958916417,10.656337379805251,41.59202111422089,5.683379935896133,36.3930184749433,4.9729574439091175
558,110.21482967084094,54577.84643777967,2787.7677549370237,10.340850417965628,5801.074909345096,-0.0,232.72844347321237,0.7942129383928821,1.5490366750912645,8927.722059742491,363.10143783250356,2.0652099615320285,388.56821344120823,-0.0,15.702369914879537,0.05358616748220513,-0.0,3538.804455905446,91.70457491978658,0.8235593428814245,1163.7645496752011,-0.0,47.210621880700636,0.1611117496755069,924.6140355758354,21.357795866894513,78.31559370089126,10.678897933447256,41.76831664047535,5.69541223117187,36.54727706041592,4.983485702275386
559,110.21843746986139,54516.89746076507,2786.4851530185597,10.336092778251508,5801.526078090713,-0.0,232.81254045912405,0.7944999291590048,1.5487718841417513,8914.46042495681,362.84530678317066,2.0637531664344997,141.97548664487067,-0.0,5.739222101989529,0.019585764342703274,-0.0,3534.10289002435,91.654254309208,0.8231074351219945,1163.9432511042053,-0.0,47.23139697443082,0.16118264710424657,916.783580572314,21.297332580620935,77.87280310957313,10.648666290310468,41.532161658439,5.679288688165583,36.340641451134125,4.969377602144885
560,110.2181000541032,54522.486738192885,2786.602745715556,10.336528972582164,3004.995506526434,-0.0,120.5805055439246,0.41149502910658425,1.548768823571842,8914.305895285584,362.8423241282247,2.0637362020051024,141.97522964971952,-0.0,5.739188010281468,0.019585648000776047,-0.0,3534.672775447323,91.6603497185372,0.8231621753713892,1163.9197262693397,-0.0,47.22867341653256,0.16117335264548174,844.6599290695112,20.723522069567245,73.73310412785186,10.361761034783623,39.32432220152099,5.526272551884599,34.40878192633086,4.835488482899024
561,110.21283118430966,54612.808506339374,2788.503788048584,10.343580634030376,3004.3176181282183,-0.0,120.4516796682423,0.4110553957908635,1.5493255288799062,8941.954482721092,363.3766743242262,2.066775422544455,141.92975983308335,-0.0,5.733068046195154,0.019564762910035473,-0.0,3542.32768180057,91.74233361193555,0.8238984374546393,2284.4466116440017,-0.0,92.65089030106212,0.3161819618287994,875.3564738224246,20.971584921838755,75.50885569894058,10.485792460919377,40.27138970610163,5.592422645823667,35.23746599283894,4.89336981509571
562,110.2178020946955,54527.44079617122,2786.7069786468173,10.336915610654467,3004.7610162222036,-0.0,120.53662352070236,0.41134527658778663,1.5491640186247257,8934.025917690897,363.223300701616,2.065903080272439,141.9433391533099,-0.0,5.734914549282573,0.019571064317035515,-0.0,3540.230770597885,91.71985570695068,0.8236965730582896,1163.7004006350226,-0.0,47.20311507083325,0.1610861318118983,845.1802614897496,20.72777660505287,73.76338202252755,10.363888302526435,39.340470412014696,5.527407094680766,34.422911610512855,4.83648120784567
563,301.71763339605275,38982.09572648014,2003.7283599916354,7.432561486592403,3278.643055910137,-0.0,131.45048914741596,0.4485901150753306,776.840373686016,3960.9191733972125,190.9327551414619,1.0859671342937463,153.27322852776285,-0.0,6.191268974443645,0.021128426982065705,338.0848594914495,985.2445036642296,34.03481664375464,0.30565204903613297,1291.1949527655077,-0.0,52.367237721710055,0.17870930224850284,272.2536633481568,14.208912771342272,34.66227617779337,7.104456385671136,18.48654729482313,3.7890434056912725,16.17572888297024,3.3154129799798633
564,302.1221783383434,37828.88476881259,1979.7955774142488,7.3437860409764015,3284.821951233576,-0.0,132.47737164811835,0.45209447129451763,775.0525051016065,3873.457497388548,189.6045281304117,1.0784125851551605,153.7325863362352,-0.0,6.247241506299042,0.021319439770750813,338.035757107267,6461.694204561737,178.47242283512867,1.602784063947945,1295.903516862742,-0.0,52.87038686612178,0.18042635734700907,390.063330413157,16.01823443773768,44.051902886509176,8.00911721886884,23.494348206138223,4.271529183396714,20.557554680370945,3.737588035472125
565,301.9448639878773,38232.130142644244,1988.126907910558,7.37468999353572,3284.468370640302,-0.0,132.42554561152238,0.4519176089041889,775.1781344225066,3880.4844507033945,189.70950574523968,1.0790096657318025,153.71385635221841,-0.0,6.245166322230348,0.021312357963248874,338.03166415651117,962.266785205156,33.898193483179256,0.30442509519610633,1293.8528501587662,-0.0,52.662287635444,0.17971619446787257,266.9820742936424,14.11660637369841,34.21338087316767,7.058303186849205,18.24713646568942,3.764428366319576,15.966244407478245,3.293874820529629
566,302.25212623917776,37578.83560905309,1974.6489882123826,7.324695458913042,3286.467240387398,-0.0,132.71082660749954,0.45289116355312353,774.6664341769495,28752.81390889946,1216.390782578616,6.918458864533373,153.84077806441482,-0.0,6.258969727567146,0.021359463692779645,338.06345736368894,955.5483322991189,33.86057604020922,0.3040872691210127,1296.9767131266929,-0.0,52.974068298990716,0.1807801823209861,1125.3574633101862,22.803408603201476,89.27604048642662,11.401704301600738,47.61388825942751,6.080908960853726,41.66215222699909,5.320795340747011
567,301.72721678053756,38938.7854112247,2002.8235270322589,7.429205130142124,3285.364440308071,-0.0,132.55570120890835,0.4523617800502056,775.3971329421735,3892.3277266035593,189.88712351518998,1.0800199013013343,153.16626918996454,-0.0,6.1761367989071445,0.0210767866693572,338.1232911100521,989.737174763297,34.06294052250976,0.30590461749443626,1291.164405195322,-0.0,52.3636367136582,0.17869701338882008,271.79320669442575,14.200897843569418,34.62318278765106,7.100448921784709,18.46569748674723,3.7869060916185115,16.15748530090383,3.3135428301661976
568,4181.451379287958,37306.938838572096,2205.106960312849,8.179548383048559,3288.7041577906552,-0.0,133.01069240067343,0.45391449052238403,774.2721147273061,3824.781287892845,188.88570299917802,1.074324127586705,153.97162625240492,-0.0,6.272622834975518,0.02140605651311209,338.1114035336656,949.4871475440758,33.82756518038846,0.30379081278777403,1298.2200479810838,-0.0,53.09039469442624,0.18117715970352136,341.3289039286375,15.321241545243083,40.301693970942175,7.660620772621542,21.494236784502487,4.085664412064822,18.807457186439684,3.5749563605567194
569,302.44772480240937,37248.635247790364,1967.8752407108775,7.299569151472945,3293.987144316272,-0.0,133.65797773389897,0.4561234271646249,774.0293649511615,3807.1753408911686,188.6293161270392,1.0728658774472732,154.07467563790993,-0.0,6.2830163349942385,0.021441525543312537,338.1370973081642,946.942031314039,33.81396868348109,0.30366870849724853,1298.7799408374194,-0.0,53.14157704650516,0.18135182544541267,260.5618296577272,14.002530773356227,33.6626617781761,7.001265386678114,17.95341961502725,3.734008206228327,15.709242163148849,3.2672571804497865
570,302.4781196098531,98711.35496490648,5188.608851931294,19.24644831698541,3289.2048995857886,-0.0,133.0754249024256,0.45413539772933675,774.151703873429,3816.2416055436765,188.76110377814828,1.0736154453132174,154.0143275075823,-0.0,6.276965654271367,0.021420876890124854,338.1331667462276,947.3109581489232,33.815929792167694,0.30368632037084003,1298.6772486450016,-0.0,53.13224222343098,0.18131996927367672,3086.868880648939,31.92093948984391,174.93902922322525,15.960469744921955,93.30081558572014,8.512250530625042,81.63821363750513,7.448219214296913
571,301.64350739768537,39428.23066130226,2013.0770439188134,7.467239175192746,3274.1971275091546,-0.0,130.3788427786609,0.44493299693908095,779.347602259533,4057.272814917193,192.45026495400293,1.0945982661347278,153.09437174705914,-0.0,6.1652854744430305,0.021039755259876343,338.22608306472375,998.696492473813,34.12037493066245,0.3064204112100539,1289.942408360151,-0.0,52.2146819562828,0.1781886879182536,275.7007326085004,14.268628938982108,34.95424051540582,7.134314469491054,18.642261608216437,3.804967717061895,16.31197890718938,3.3293467524291587
572,302.50320994606386,37162.653439146154,1966.1155572453686,7.293041841775943,3290.003676990997,-0.0,133.177058999349,0.4544822359307778,774.0819013685317,3811.120468806969,188.68660003646227,1.073191690809738,154.04416829771344,-0.0,6.279969974640252,0.021431129483544187,2658.691058211734,946.2656444212632,93.5316115008279,0.8399671725607928,1298.9070367269148,-0.0,53.153098110671756,0.18139114241968798,307.3681054969426,14.795257819470724,37.5820492205288,7.397628909735362,20.043759584282025,3.945402085192193,17.538289636246773,3.452226824543169
573,302.6128035604765,37000.83796294839,1962.808475715565,7.280774666592805,3292.308132526176,-0.0,133.4601239719725,0.45544822814173547,8821.57553047576,3804.09310048031,507.12922235166405,2.884395963939349,154.0867607973602,-0.0,6.284216282523599,0.021445620504113153,2658.778810176431,945.282560776365,93.55986322589476,0.8402208891518317,1300.1324822719898,-0.0,53.26244338934282,0.18176429592759916,508.2917320211204,17.496074496386154,52.55531221337821,8.748037248193077,28.029499847135046,4.665619865702975,24.52581236624316,4.082417382490102
574,302.76251618890177,36794.42148299719,1958.5984948016246,7.2651583072972885,6465.274942051378,-0.0,262.9672657543815,0.8974064438323315,8820.209349876814,3794.6059017156167,507.41160375250365,2.886002063010304,154.48093716209218,-0.0,6.3214982930109915,0.021572849710206277,2659.742236073979,936.4801335150173,93.81758218264547,0.8425353522509229,1302.0515398693399,-0.0,53.42793127036675,0.18232904260959013,566.7388965598552,18.142506088065968,56.5106024135221,9.071253044032984,30.138987953878456,4.838001623484258,26.37161445964365,4.233251420548726
575,302.8156467784159,36724.667987410736,1957.1779985635258,7.259889167107454,6468.443319250988,-0.0,263.3033069543656,0.8985532235936593,8818.375973978307,3781.0001193527864,507.8214520891581,2.8883331550396516,438.08688751264816,-0.0,17.937520344931677,0.0612138788367313,2660.0540904242494,934.1326626234567,93.88778282755375,0.8431657940477589,1302.593590599409,-0.0,53.47353130944313,0.18248465805772873,572.1873710631874,18.200459815024473,56.872209654987444,9.100229907512237,30.331845149326632,4.853455950673193,26.540364505660804,4.246773956839044
576,302.83237731686336,36703.04728841835,1956.7379241262727,7.258256770032646,6469.042350843932,-0.0,263.3659547276866,0.8987670164218606,8818.049247746398,3778.45208468669,507.8988509424559,2.88877337605281,438.13027018910554,-0.0,17.94138359004298,0.06122706261094382,2660.150122539885,933.4434022347839,93.90851471832964,0.843351978241503,2601.206520469112,-0.0,106.79773713454865,0.3644597254959234,598.2061247154093,18.47225389328353,58.58347919586341,9.236126946641765,31.244522237793824,4.925934371542274,27.3389569580696,4.3101925750994905
577,303.00529102761396,36488.36115282886,1952.3737633152466,7.242068501097099,6474.313896407735,-0.0,263.90606183931214,0.900610194891021,8815.550387649359,3757.3787068955817,508.54685234193124,2.8924590098891056,438.50392228223626,-0.0,17.974203365244456,0.06133906391903986,2660.8023041816864,929.1006434773155,94.0404017739291,0.8445363991598605,1303.828803521429,-0.0,53.57574056274517,0.18283345904734777,570.8030251227141,18.18576994200521,56.780441820973664,9.092884971002604,30.282902304519286,4.849538651201389,26.497539516454385,4.243346319801216
578,302.97313824112774,36527.14306952394,1953.1613725357836,7.244990031817497,6472.698599769539,-0.0,263.7426221300711,0.9000524378339582,8815.619571999308,3758.0066897415595,508.52733737565643,2.89234801472756,154.70378734916952,-0.0,6.341246228099959,0.021640241840365077,2660.8128912885118,929.0343720749863,94.04243142284624,0.8445546265637814,1303.855939472367,-0.0,53.57796058811997,0.1828410351426884,565.5339727228824,18.129639581888775,56.43047718857759,9.064819790944387,30.096254500574716,4.83457055517034,26.33422268800287,4.230249235774047
579,302.9723681236093,36528.07801212328,1953.1803640628257,7.245060478338734,3302.221458267308,-0.0,134.54996479102556,0.4591674369602324,8815.600896771775,3757.8374673445874,508.53259482406116,2.8923779174866415,154.70555074429654,-0.0,6.341399262908294,0.021640764089485082,2660.8048387092244,929.0847673183936,94.04088795526555,0.8445407653453241,1303.8452846257123,-0.0,53.57708902809928,0.18283806084253543,505.886879937891,17.468438134594425,52.389413227793696,8.734219067297213,27.941020388156645,4.65825016922518,24.448392839637055,4.075968898072032
580,302.9715846486146,36529.029464854415,1953.1996911584567,7.245132169606625,3301.2528404652357,-0.0,134.4506704857934,0.4588285835706457,773.5118773451055,3762.610211896284,187.98894442905825,1.0692236390203256,154.68257779538675,-0.0,6.3394017991082405,0.021633947511458355,2660.749358463702,929.4338848921317,94.030203621295,0.8444448139375387,1303.7826330071973,-0.0,53.57196086354616,0.18282056038329844,303.51199469750765,14.733125571044837,37.26706258832149,7.366562785522419,19.875766713771455,3.9288334856119564,17.391295874550025,3.4377292999104623
581,302.7352750911435,36830.857691861616,1959.3409339640216,7.267912285748037,3293.7343723069616,-0.0,133.62860302423596,0.45602318254420926,773.7552864991148,3785.086675163877,188.31037096003553,1.0710518148536066,154.19128238758833,-0.0,6.294440194416998,0.02148051079507005,338.2092898641751,941.0618195987732,33.78316117872936,0.30339203954816557,1301.0969914824593,-0.0,53.34643874757937,0.18205093987743542,257.7991451477337,13.952866160049787,33.42429369536661,6.9764330800248935,17.82628997086219,3.7207643093466096,15.598003724504423,3.255668770678284
582,635.6472135831692,31770.655887564055,1705.3017461832508,6.325588006227208,3647.5770375825937,-0.0,147.63885990837298,0.5038348170893022,2152.3143510076884,1916.220784838188,164.68345128284935,0.9366691195690162,170.29861506597894,-0.0,6.943832693229376,0.023696638385471088,996.0713027882792,241.57895836143967,32.06379230361848,0.28795112722513627,1461.9141640427674,-0.0,59.836027488239715,0.20419741783157716,181.95364181802648,12.422905689491568,26.496088056906864,6.211452844745784,14.131246963683662,3.312774850531085,12.364841093223204,2.898677994214699
583,636.7527131547411,83228.57871850352,4455.220318954055,16.526041961635986,3656.2331822303404,-0.0,148.6498431520742,0.5072849152408776,2150.6878518537796,1890.2945593485858,164.81551831814494,0.9374202764867927,170.81016061006216,-0.0,6.99212654700219,0.023861446790231628,996.7668269498472,237.72295295598502,32.24955090617712,0.28961934533520967,1466.660435532799,-0.0,60.24448441260315,0.20559132469257044,2024.7106319801264,27.734728905272505,132.06363059553385,13.867364452636252,70.43393631761802,7.3959277080726675,61.6296942779158,6.471436744563585
584,635.0383831867232,85895.34383447126,4509.72599059171,16.728223436881752,3639.869857211347,-0.0,146.56374581540086,0.5001658649399907,2155.5433999609104,17048.98610539228,784.5264043041349,4.462146321770272,170.0370603025274,-0.0,6.9168365926697595,0.023604511045853184,995.7782926287165,244.48762615652808,31.929651499608074,0.28674646636169493,1459.7279536758947,-0.0,59.63439292759465,0.20350931639239958,3506.5646661325827,33.306593876087945,190.45651207722736,16.653296938043972,101.57680644118788,8.881758366956785,88.8797056360394,7.771538571087187
585,633.9269861813234,89064.53406288997,4575.454807083038,16.972035662015294,3635.035530087475,-0.0,145.7251034137241,0.49730389999854935,2160.9097425385266,1999.6226761655732,164.40739124432838,0.9350989744741972,169.3692203712707,-0.0,6.835858728002973,0.023328164644519596,995.961497970484,252.85430475301627,31.57013664304736,0.283517818071419,1453.2746236285705,-0.0,58.96300196133345,0.20121811646785695,2166.765787626423,28.368753953507756,138.17068263283807,14.184376976753878,73.69103073751364,7.565001054268735,64.47965189532444,6.619375922485143
586,634.1938971620184,32965.670383727,1729.534810952251,6.4154773083404555,3634.649034054497,-0.0,145.6485445831037,0.4970426340659477,2160.532183875582,1996.7403501333433,164.4133213205596,0.9351327029347026,169.6218394100208,-0.0,6.869193157113324,0.0234419222690638,995.7234981028365,249.75760161621284,31.698845809864107,0.2846736997375096,1455.4544752415711,-0.0,59.20581826357052,0.20204675540004485,187.00069902302343,12.536722534121587,26.983818692513832,6.2683612670607936,14.391369969340706,3.3431260090990897,12.592448723173122,2.925235257961704
587,636.763050948524,31173.810405257034,1693.3544519945583,6.281271121549168,3656.599995547541,-0.0,148.68963772512066,0.5074207188595485,2150.654891918083,1889.664227304998,164.81901686237174,0.9374401751366882,170.81877489233548,-0.0,6.992898995255149,0.023864082859925487,996.7785520004093,1494.0580662588677,65.95074866045543,0.5922753066229367,1466.7127245801394,-0.0,60.248798158409556,0.20560604585291192,200.0505853240624,12.821816176321768,28.225034042947843,6.410908088160884,15.053351489572174,3.4191509803524713,13.171682553375659,2.9917571078084126
588,636.5682682799101,31268.293069055708,1695.2390719953173,6.2882618665594165,3656.061821102123,-0.0,148.63118111425504,0.5072212288617158,2150.713117869703,1890.7736902447284,164.8128682412962,0.9374052036599276,170.80310458840188,-0.0,6.991492946716683,0.023859284555409747,996.7550718087397,237.77477672784124,32.246992010419305,0.28959636499305497,1465.797225182309,-0.0,60.17273847224177,0.2053464833089313,179.967359704475,12.377535647907681,26.302907253130414,6.188767823953841,14.028217201669555,3.3006761727753817,12.27469005146086,2.888091651178459
589,6375.931335521575,31085.71690231365,2044.4571338594246,7.583639408176106,3657.344592203348,-0.0,148.76978928740667,0.5076942454077001,2150.438688666743,1885.3672174506557,164.84323620209625,0.9375779273360719,170.87842694835138,-0.0,6.998216110613836,0.023882228135809147,996.9084628459768,237.1203032942329,32.27943599015454,0.28988773042007515,1467.3292370602408,-0.0,60.2993907012246,0.20577869880194663,278.8463709971674,14.322690357416564,35.21961368636444,7.161345178708282,18.783793966061037,3.8193840953110834,16.435819720303407,3.3419610833971984
590,637.0695973583448,31031.49649941961,1690.5204211804178,6.270758664520769,3669.4852811632954,-0.0,149.97965229424724,0.5118230439308867,2149.837703208723,1871.3546203105418,164.92673831285813,0.9380528618116384,171.0771380063453,-0.0,7.015549480553822,0.023941380280973867,997.1373444225636,236.2192397942414,32.32456366489232,0.2902930026563329,1468.280752549642,-0.0,60.3765363640505,0.20604196736784613,179.2629851017744,12.361366380852669,26.234231072109274,6.180683190426334,13.991589905124945,3.2963643682273784,12.242641166984324,2.884318822198956
591,637.0742248993035,31029.40333253014,1690.4787796104686,6.270604200704602,3658.059951079046,-0.0,148.84602595069353,0.5079544119067267,2150.2976042445543,1882.3897958482894,164.86039750979538,0.9376755356072611,170.92028647180535,-0.0,7.0019148109144735,0.023894850381677185,4108.848297231124,236.7564430251459,113.23693965778094,1.016932248974898,1467.7383617937953,-0.0,60.33269758736661,0.20589236243290113,230.63138701791522,13.444430415012102,31.03274532823055,6.722215207506051,16.55079750838963,3.585181444003227,14.481947819840926,3.137033763502824
592,637.5532249090465,30820.646287101314,1686.331771694701,6.2552214312959515,3663.827363918289,-0.0,149.4361770865397,0.5099683714412871,2149.974083112673,1874.8878261869588,164.9050259403696,0.9379293684753974,171.02643941783927,-0.0,7.011179935480996,0.023926468699132227,997.1218718108978,236.27768385743718,32.32162033248883,0.2902665698540194,1470.1800729554336,-0.0,60.52736172850983,0.2065566765031101,178.1531468925191,12.335803329403348,26.1258395631824,6.167901664701674,13.933781100363948,3.289547554507559,12.192058462818453,2.8783541101941146
593,637.1098909854763,31013.322768300164,1690.1589121476838,6.269417695271941,3658.2094819561585,-0.0,148.86186915089792,0.508008478673986,12702.596381540554,1881.6057217449397,586.8122646598957,3.3376087458067936,170.931414574586,-0.0,7.00289369798664,0.023898190947902517,997.0233566342359,236.6578421408231,32.30253031736531,0.2900951306392968,1467.8508305702715,-0.0,60.34181728256404,0.205923484455684,385.2756250067727,15.952427588693407,43.690694264853875,7.9762137943467035,23.301703607922068,4.253980690318242,20.38899065693181,3.7222331040284615
594,638.1130900129558,30593.956386952563,1681.8418819853146,6.238566787882522,3672.950940045475,-0.0,150.29835648523476,0.5129106591283452,2149.562840867323,1863.211258132645,164.97849031343043,0.9383472113679197,171.8185064371501,-0.0,7.076012636552978,0.024147717847942236,998.4001678370511,232.24303455241426,32.530286958950065,0.29214051507343747,1473.051927164694,-0.0,60.74826342436123,0.20731052928680863,177.4751703777804,12.320135130880463,26.059514757690632,6.160067565440231,13.898407870768335,3.28536936823479,12.161106886922294,2.8746981972054413
595,637.1376341775047,31000.8776272755,1689.9114076052101,6.268499610382354,7116.181155944004,-0.0,289.5916805524737,0.9882653624681947,2150.235808548701,1881.0355375396882,164.86830647627897,0.9377205193904841,170.93952725879052,-0.0,7.0036061866539345,0.023900622398521868,997.0431820249561,236.58018335086192,32.30642224946785,0.29013008240749055,1467.9395013925384,-0.0,60.34899636375347,0.20594798390698155,211.97616581411458,13.071696271431037,29.3358906717581,6.5358481357155185,15.645808358270989,3.48578567238161,13.690082313487112,3.0500624633339086
596,637.1564391427005,30992.473135390588,1689.7442860715703,6.267879695478062,7120.219459359229,-0.0,290.0127387406143,0.9897022726105342,2150.06297629748,1877.0587866115516,164.89190583103363,0.9378547453049172,487.3486621636587,-0.0,19.97468032154679,0.06816592469265648,997.1004938707761,236.35898269365256,32.31752977626833,0.29022983432805555,1468.1623685168008,-0.0,60.366998281495846,0.20600941754944274,215.30482742248714,13.139762834945504,29.642200127933535,6.569881417472752,15.809173401564554,3.5039367559854675,13.833026726368987,3.0659446614872845
597,637.1774384059471,30983.11736150193,1689.5582712539667,6.267189698472049,7120.8061343853105,-0.0,290.0730017669324,0.9899079272116404,2150.0342974805008,1876.3686262009105,164.89605860087786,0.9378783649900978,487.3768099433289,-0.0,19.9771261962472,0.068174271525144,997.1318242468758,236.24005306695767,32.323515216034366,0.29028358698810425,2919.3002440433906,-0.0,120.04446177184752,0.4096657172572248,230.6426542915036,13.444649349666392,31.033756036528295,6.722324674833196,16.55133655281509,3.5852398265777046,14.482419483713203,3.1370848482554914
598,637.4183900485399,30877.901464325703,1687.4679778734155,6.259436035657181,7125.217773517366,-0.0,290.51930021835534,0.991430972694242,2149.8212530444844,1870.909494779267,164.92950541209157,0.9380686002260482,487.6028185630124,-0.0,19.996626309760103,0.0682408179352903,997.247812272438,235.81119817361528,32.34517677167202,0.2904781201020993,1468.7791131584365,-0.0,60.416507160657794,0.2061783723699577,214.86205464170536,13.13074937847723,29.60154687629983,6.565374689238615,15.787491667359905,3.501533167593928,13.814055208939921,3.063841521644687
599,637.2927781042264,30932.271475728972,1688.5477538815503,6.263441319872574,7122.170041631679,-0.0,290.212254158885,0.9903831422293682,2149.8424868030834,1871.4832332467142,164.92594012064998,0.9380483219384027,171.07656784058548,-0.0,7.01550053253583,0.023941213240157466,997.2425659954939,235.83022499820703,32.34421311397131,0.29046946590678285,1468.7681864704896,-0.0,60.41563389800098,0.20617539225936055,211.82986304889167,13.068688283169969,29.3223909912196,6.5343441415849846,15.638608528650451,3.4849835421786586,13.683782462569146,3.049360599406326
600,637.2661828740179,30943.915631138876,1688.7791089020084,6.264299500277224,3661.093123135821,-0.0,149.16151307091195,0.5090310484752286,2149.859807503326,1871.9458796798099,164.9230737665259,0.9380320189925215,171.06984439767365,-0.0,7.014923005804227,0.023939242362873793,997.2150240933213,235.93067276561288,32.33912972607109,0.29042381418654567,1468.6542377740143,-0.0,60.4065188616067,0.20614428613528635,178.67362997110155,12.34780486564452,26.17670009149876,6.17390243282226,13.960906715466004,3.292747964171872,12.215793376032751,2.881154468650388
601,2168.3793692413124,24966.399694451367,1463.0682742625395,5.427055445571652,3945.831771512621,-0.0,160.5880010109738,0.5480252703543944,5417.48520962649,1072.0683295262243,261.67738599849923,1.4883409647115033,180.10961001227162,-0.0,7.379866145113735,0.02518465336073787,2872.529340504574,42.04151323923416,75.88387132912479,0.6814804088212225,1622.6492874965734,-0.0,66.71283956419107,0.22766534054917842,189.69422650658598,12.596628125053034,27.242314277030093,6.298314062526517,14.529234281082717,3.3591008333474757,12.713079995947378,2.939213229179041
602,2175.8533265808474,75057.9870931935,4202.022720867611,15.586839446159857,3971.9863201944822,-0.0,163.02488237003675,0.5563414120163782,5414.564756023145,1045.6477052357263,264.11650630741445,1.5022139352770192,181.20528891246855,-0.0,7.46910077275935,0.025489176928081607,2878.236291620042,40.99314838124379,76.92818759560427,0.6908589640234521,1632.419526071859,-0.0,67.45812632809613,0.23020871849590746,2058.448040803139,27.88792747935105,133.52662218968825,13.943963739675524,71.21419850116708,7.43678066116028,62.31242368852117,6.5071830785152445
603,2165.0675670496885,78351.57992631437,4266.608207299114,15.826410641851089,3936.315586885673,-0.0,159.51647140945528,0.544368550699949,5422.318362177494,11051.376787462767,673.7325262548362,3.831984618225253,179.7512652327866,-0.0,7.347517492659225,0.02507425981392629,2870.595698942414,42.58413915013868,75.36815378489194,0.6768489713797172,1619.3221847340578,-0.0,66.43748501647445,0.22672566106188352,3022.390399014036,31.697119054547727,172.49438572338326,15.848559527273864,91.99700571913772,8.452565081212727,80.49738000424551,7.395994446061136
604,2163.604500202681,78952.21463035473,4278.522375014812,15.870604648322535,3937.397257200284,-0.0,159.6462700182581,0.544811503580818,5422.767637008907,11065.752538542813,673.8548294932651,3.832680241651695,179.45508139000052,-0.0,7.319087881032853,0.024977240450714037,2869.702242885566,772.960253554761,94.43380478343641,0.8480693823755919,1617.0326924132014,-0.0,66.23952026409904,0.22605008327115078,3115.9271885131825,32.02078964947876,176.03517554016992,16.01039482473938,93.88542695475728,8.538877239861002,82.14974858541265,7.471517584878377
605,2161.5647638122127,79915.5316372279,4297.721578822747,15.941821518655543,3933.100854538395,-0.0,159.1151854877729,0.5429991157214019,5426.260474504864,11166.8539330395,674.7340050664623,3.8376807235075114,179.24443430202135,-0.0,7.297699539300719,0.024904250241692235,2868.96592749228,43.34941881828876,74.66717446389502,0.6705537776069022,1614.3833755829496,-0.0,66.00002364879009,0.22523277315752227,3070.607439446353,31.86478823833586,174.3241096126969,15.93239411916793,92.97285846010502,8.497276863556229,81.35125115259189,7.435117255611701
606,2161.5543429731592,79920.9490202028,4297.829869126003,15.942223207004838,3932.9426093975853,-0.0,159.09476911606532,0.5429294424733743,5426.464562313729,1102.9620459568832,259.02777257439686,1.4732707736642583,179.23285778053327,-0.0,7.296491370436642,0.02490012722462868,2868.935567356695,43.37277779580045,74.64624044040445,0.6703657781461899,1614.4289667561304,-0.0,66.00425167439641,0.22524720178769006,2155.2494561160784,28.31840479545147,137.68066434927047,14.159202397725736,73.42968765294425,7.551574612120392,64.2509766963262,6.607627785605343
607,2162.561623018104,25694.25249173714,1476.252916772032,5.475962107815507,3931.7881170553173,-0.0,158.94372274896637,0.5424139791408442,5427.167906504592,1104.7790646946762,258.87827271245186,1.4724204641585195,179.43738076401814,-0.0,7.317331417741222,0.02497124631501147,2869.3671758377454,43.096432079038564,74.8956206933414,0.6726053549330188,1616.1188958840046,-0.0,66.15827670245167,0.22577283014790336,190.80734685298918,12.621218973766208,27.348781740448104,6.310609486883104,14.58601692823899,3.3656583930043222,12.762764812209115,2.9449510938787817
608,2177.002911645889,24191.14592914791,1449.3117295108261,5.376027388699414,3974.3711079031636,-0.0,163.22391282417536,0.557020626638588,26847.00875466502,1041.8976500585943,1135.5642439606793,6.458742225275897,181.32860871454957,-0.0,7.478460562584976,0.025521118301766798,2879.1727844049533,40.85790215177417,77.0678278944895,0.6921130134848914,1633.582498811603,-0.0,67.54190621534566,0.23049462712588692,760.3692452336104,20.009878499289663,68.74233583446032,10.004939249644831,36.66257911171216,5.3359675998105764,32.07975672274815,4.668971649834255
609,2181.272033778503,23876.13118868093,1443.8058698484253,5.3556041410704225,3997.430529795852,-0.0,165.02320400580007,0.5631609175074479,26848.41179691892,1033.4828371372903,1140.2374398970921,6.485321934950642,182.7589768872146,-0.0,7.5801421817693715,0.0258681186784624,8612.997266102397,39.99238501583166,230.5237072576938,2.070234260763945,1640.658361703022,-0.0,68.03429113904667,0.23217494806662295,1024.1942075614609,22.098546481556312,83.84222601707671,11.049273240778156,44.71585387577424,5.892945728415016,39.12637214130246,5.15632751236314
610,18929.84765840136,23627.11404289509,2490.01909518523,9.236391717203952,4007.7627751740465,-0.0,165.77193855242857,0.5657160614145679,26852.278031048212,1025.1735536487897,1144.9401681486975,6.512069615404811,182.93592113966963,-0.0,7.592008198523811,0.025908612843648725,8618.280750866112,39.810517453064044,231.12546633290182,2.0756384001864845,1645.4154461423552,-0.0,68.35107586805329,0.23325601287635386,2077.448392249467,27.973470629894727,134.3470349836775,13.986735314947364,71.65175199129466,7.459592167971927,62.69528299238285,6.527143146975437
611,2194.4305113604837,23066.4038264536,1429.875080976735,5.303929749015599,4051.75287760984,-0.0,168.70119320245075,0.5757124843192005,26901.971681301005,987.9392582686849,1167.176257497117,6.638541693020367,184.24579951958407,-0.0,7.676276683826645,0.026196188871432304,8652.028342864203,38.82688463905974,234.51065316170659,2.106039307040912,1655.258372444179,-0.0,68.97804157364342,0.23539560642098917,1056.532398946775,22.32872254303275,85.59790517798068,11.164361271516375,45.652216094923034,5.9543260114754,39.94568908305765,5.210035260040975
612,2193.9047082278303,23095.280568915183,1430.366400321719,5.305752232199478,4026.1814199148143,-0.0,167.04226935213546,0.5700512133285724,26879.642793021125,1000.1189782786358,1159.682904599271,6.595921792801065,184.01000200675884,-0.0,7.661519631000872,0.026145828708695577,2897.5549897725814,38.97152040232259,79.14845007505431,0.7107981863599555,1654.5930704194197,-0.0,68.93671085197467,0.23525456051610294,778.2929437221383,20.165885720870808,69.8184150199696,10.082942860435404,37.23648801065046,5.377569525565549,32.58192700931915,4.705373334869855
613,2191.2988286383734,23242.036423550704,1432.8696270488392,5.315037615855115,4018.1511734744604,-0.0,166.497480773367,0.568192058807151,5419.76308271365,1004.5997701848362,268.26424879759105,1.525805026404931,183.9811701688393,-0.0,7.659703951237696,0.026139632489882048,2897.2129159632104,38.9988038665184,79.1164305519498,0.7105106327953662,1651.1068384782045,-0.0,68.71779228844547,0.23450747540259262,188.5067649923472,12.570288662632557,27.12850640524647,6.285144331316278,14.468536749464784,3.352076976702015,12.659969655781682,2.933067354614263
614,2177.6262777463376,24142.96839596202,1448.4665429837946,5.372892282686427,7692.248220619378,-0.0,316.00094868637666,1.078390068036669,5414.5512024293475,1039.9669547627204,264.66345115492766,1.5053247903434042,181.39476030683923,-0.0,7.483435263389698,0.025538095048075846,2879.6911613783873,40.78585453211933,77.14269817828456,0.6927853913000391,1634.2233587907017,-0.0,67.5876991215296,0.23065090075550918,226.2308444032342,13.358372292255186,30.63673413639468,6.679186146127593,16.339591539410495,3.56223261126805,14.297142596984182,3.1169535348595434
615,2177.617543447563,24143.63784573563,1448.4782794932876,5.372935817693561,7696.362531788484,-0.0,316.3375750761678,1.0795388448264187,5414.607628312373,1037.739062957563,264.88022408630894,1.5065577284996163,530.600130426951,-0.0,21.895088292621097,0.07471954072195629,2879.9038602193796,40.75682878068386,77.1729566595332,0.6930571297051897,1634.3351911765494,-0.0,67.59566361543,0.23067808051922453,230.20966096702045,13.43623071294895,30.994903387558022,6.718115356474475,16.530615140030946,3.5829948567863865,14.464288247527076,3.1351204996880884
616,2178.0072896334345,24113.91628945501,1447.9574244134508,5.371003775664416,7698.268905410523,-0.0,316.4921777221765,1.0800664443752208,5414.693181787282,1035.6361142773187,265.0860291665383,1.5077282848718543,181.51776917670418,-0.0,7.492603853230185,0.02556938392952695,2880.411687016789,40.68872372203427,77.24417112888987,0.6936966762233252,1634.9264214400532,-0.0,67.63764129405007,0.2308213342401115,226.48276329661257,13.363328848956682,30.65947356581977,6.681664424478341,16.35171923510388,3.5635543597217816,14.3077543307159,3.1181100647565594
617,2177.948449952386,24118.38368645335,1448.0356857418872,5.37129407556097,3978.260003712178,-0.0,163.54248849455365,0.558107803244488,5414.693687771289,1035.625619892509,265.0870591117252,1.5077341428851752,181.52009960527383,-0.0,7.492776553587769,0.025569973289625826,2880.3160698129086,40.701421740633634,77.2308702121604,0.6935772264112406,1634.8257469320681,-0.0,67.63050850661674,0.2307969927716523,188.97195448238034,12.580620321244728,27.17311916760776,6.290310160622364,14.492330222724135,3.3548320856652607,12.680788944883622,2.9354780749571034
618,2177.479942979635,24154.205109680013,1448.663569251814,5.373623125190215,3975.1884733731767,-0.0,163.29147042376152,0.5572511748211708,5414.54327688683,1040.4720182589053,264.6144877669944,1.5050463015632058,181.37732964164056,-0.0,7.482127497992044,0.02553363214623326,2879.55898259322,40.80404674535236,77.12376138090245,0.6926153280679491,3205.4561584358435,-0.0,132.56069137464874,0.45237880957241017,204.1911280891528,12.909672557041777,28.6131608182928,6.454836278520888,15.26035243642282,3.4425793485444736,13.352808381869975,3.012256929976415
619,2178.2903957555163,24092.51762423709,1447.5826905636375,5.369613750731168,3977.724628383475,-0.0,163.49905098188836,0.5579595676697748,5414.5670468655735,1039.1836097412468,264.73952324156886,1.5057574651134733,181.41115986779067,-0.0,7.484663700898319,0.025542287234251258,2879.7141184390116,40.78270705175391,77.14597667142966,0.6928148340368118,1634.1864738348825,-0.0,67.58507052900538,0.23064193037715175,188.651039443988,12.573494752743947,27.142346585095737,6.286747376371974,14.475918178717727,3.3529319340650527,12.666428406378012,2.933815442306921
